date,BEV_Registrations,Total_Vehicle_Registrations,BEV_Share,Charging_Infrastructure,RHDI_per_head,CPI,Petrol_Price,PiCG_Amount_GBP,GT_Index,BEV_Registrations_lag_1,BEV_Registrations_lag_3,BEV_Registrations_lag_6,BEV_Registrations_lag_12,BEV_Share_lag_1,BEV_Share_lag_3,BEV_Share_lag_6,BEV_Share_lag_12,Charging_Infrastructure_lag_1,Charging_Infrastructure_lag_3,Charging_Infrastructure_lag_6,Charging_Infrastructure_lag_12,RHDI_per_head_lag_1,RHDI_per_head_lag_3,RHDI_per_head_lag_6,RHDI_per_head_lag_12,Petrol_Price_lag_1,Petrol_Price_lag_3,Petrol_Price_lag_6,Petrol_Price_lag_12,GT_Index_lag_1,GT_Index_lag_3,GT_Index_lag_6,GT_Index_lag_12,BEV_Share_rolling_mean_3,BEV_Share_rolling_std_3,BEV_Share_rolling_mean_6,BEV_Share_rolling_std_6,BEV_Share_rolling_mean_12,BEV_Share_rolling_std_12,Petrol_Price_rolling_mean_3,Petrol_Price_rolling_std_3,Petrol_Price_rolling_mean_6,Petrol_Price_rolling_std_6,Petrol_Price_rolling_mean_12,Petrol_Price_rolling_std_12,GT_Index_rolling_mean_3,GT_Index_rolling_std_3,GT_Index_rolling_mean_6,GT_Index_rolling_std_6,GT_Index_rolling_mean_12,GT_Index_rolling_std_12,FuelPrice_x_Policy,Interest_x_Income
31-01-2011,54,424100,0.000127328,0,5129,91.3,127.4,5000,-1.574770773,54,54,54,54,0.000127328,0.000127328,0.000127328,0.000127328,0,0,0,0,5129,5129,5129,5129,127.4,127.4,127.4,127.4,-1.574770773,-1.574770773,-1.574770773,-1.574770773,0.000236867,0.00021393,0.00033122,0.000267809,0.000300817,0.000274289,129.55,2.471335671,132.4683333,3.615441421,133.4075,2.725816391,-1.770851061,0.225967959,-1.89421027,0.197185464,-1.976052818,0.158468644,637000,-8076.999297
28-02-2011,36,360400,9.99E-05,0,5088,92,129,5000,-2.017974769,54,54,54,54,0.000127328,0.000127328,0.000127328,0.000127328,0,0,0,0,5129,5129,5129,5129,127.4,127.4,127.4,127.4,-1.574770773,-1.574770773,-1.574770773,-1.574770773,0.000236867,0.00021393,0.00033122,0.000267809,0.000300817,0.000274289,129.55,2.471335671,132.4683333,3.615441421,133.4075,2.725816391,-1.770851061,0.225967959,-1.89421027,0.197185464,-1.976052818,0.158468644,637000,-8076.999297
31-03-2011,320,662000,0.000483384,0,5047,92.2,132.25,5000,-1.71980764,36,54,54,54,9.99E-05,0.000127328,0.000127328,0.000127328,0,0,0,0,5088,5129,5129,5129,129,127.4,127.4,127.4,-2.017974769,-1.574770773,-1.574770773,-1.574770773,0.000236867,0.00021393,0.00033122,0.000267809,0.000300817,0.000274289,129.55,2.471335671,132.4683333,3.615441421,133.4075,2.725816391,-1.770851061,0.225967959,-1.89421027,0.197185464,-1.976052818,0.158468644,645000,-10267.45562
30-04-2011,320,434400,0.000736648,0,5063.3333,93.2,134.29,5000,-2.017974769,320,54,54,54,0.000483384,0.000127328,0.000127328,0.000127328,0,0,0,0,5047,5129,5129,5129,132.25,127.4,127.4,127.4,-1.71980764,-1.574770773,-1.574770773,-1.574770773,0.000439974,0.000320591,0.00033122,0.000267809,0.000300817,0.000274289,131.8466667,2.667964268,132.4683333,3.615441421,133.4075,2.725816391,-1.918585726,0.172146872,-1.89421027,0.197185464,-1.976052818,0.158468644,661250,-8679.869161
31-05-2011,38,447300,8.50E-05,0,5079.6667,93.4,136.28,5000,-1.995205094,320,36,54,54,0.000736648,9.99E-05,0.000127328,0.000127328,0,0,0,0,5063.3333,5088,5129,5129,134.29,129,127.4,127.4,-2.017974769,-2.017974769,-1.574770773,-1.574770773,0.000434995,0.000328531,0.00033122,0.000267809,0.000300817,0.000274289,134.2733333,2.015051695,132.4683333,3.615441421,133.4075,2.725816391,-1.910995835,0.165964782,-1.89421027,0.197185464,-1.976052818,0.158468644,671450,-10217.67885
30-06-2011,218,479000,0.000455115,0,5096,93.3,135.59,5000,-2.039528573,38,320,54,54,8.50E-05,0.000483384,0.000127328,0.000127328,0,0,0,0,5079.6667,5047,5129,5129,136.28,132.25,127.4,127.4,-1.995205094,-1.71980764,-1.574770773,-1.574770773,0.000425572,0.00032685,0.00033122,0.000267809,0.000300817,0.000274289,135.3866667,1.010461941,132.4683333,3.615441421,133.4075,2.725816391,-2.017569479,0.022164518,-1.89421027,0.197185464,-1.976052818,0.158468644,681400,-10134.97688
31-07-2011,336,429200,0.000782852,0,5093.3333,93.3,134.56,5000,-2.062298247,218,320,54,54,0.000455115,0.000736648,0.000127328,0.000127328,0,0,0,0,5096,5063.3333,5129,5129,135.59,134.29,127.4,127.4,-2.039528573,-2.017974769,-1.574770773,-1.574770773,0.000440974,0.000349164,0.000440474,0.000299797,0.000300817,0.000274289,135.4766667,0.865582655,133.6616667,2.66457814,133.4075,2.725816391,-2.032343971,0.034118714,-1.975464849,0.127286034,-1.976052818,0.158468644,677950,-10393.43761
31-08-2011,36,357300,0.000100756,0,5090.6667,93.8,135.47,5000,-2.039528573,336,38,36,54,0.000782852,8.50E-05,9.99E-05,0.000127328,0,0,0,0,5093.3333,5079.6667,5088,5129,134.56,136.28,129,127.4,-2.062298247,-1.995205094,-2.017974769,-1.574770773,0.000446241,0.000341135,0.000440618,0.0002996,0.000300817,0.000274289,135.2066667,0.563234705,134.74,1.41859085,133.4075,2.725816391,-2.047118464,0.013146078,-1.979057149,0.12901807,-1.976052818,0.158468644,672800,-10503.97234
30-09-2011,38,629800,6.03E-05,0,5088,94.4,135.17,5000,-2.039528573,36,218,320,54,0.000100756,0.000455115,0.000483384,0.000127328,0,0,0,0,5090.6667,5096,5047,5129,135.47,135.59,132.25,127.4,-2.039528573,-2.039528573,-1.71980764,-1.574770773,0.000314648,0.00040598,0.00037011,0.000335189,0.000300817,0.000274289,135.0666667,0.463716868,135.2266667,0.72467004,133.4075,2.725816391,-2.047118464,0.013146078,-2.032343971,0.022969041,-1.976052818,0.158468644,677350,-10382.56019
31-10-2011,218,431800,0.000504863,0,5078.3333,94.5,134.67,5000,-2.061082377,38,336,320,54,6.03E-05,0.000782852,0.000736648,0.000127328,0,0,0,0,5088,5093.3333,5063.3333,5129,135.17,134.56,134.29,127.4,-2.039528573,-2.062298247,-2.017974769,-1.574770773,0.000221985,0.000245812,0.000331479,0.000295503,0.000300817,0.000274289,135.1033333,0.404145188,135.29,0.637840105,133.4075,2.725816391,-2.046713174,0.012444094,-2.039528573,0.024280013,-1.976052818,0.158468644,675850,-10377.12138
30-11-2011,38,433100,8.77E-05,0,5068.6667,94.6,133.66,5000,-2.085067922,218,36,38,54,0.000504863,0.000100756,8.50E-05,0.000127328,0,0,0,0,5078.3333,5090.6667,5079.6667,5129,134.67,135.47,136.28,127.4,-2.061082377,-2.039528573,-1.995205094,-1.574770773,0.000217647,0.000249114,0.000331944,0.00029504,0.000300817,0.000274289,134.5,0.769220385,134.8533333,0.71651006,133.4075,2.725816391,-2.061892957,0.022780493,-2.054505711,0.01849848,-1.976052818,0.158468644,673350,-10466.86327
31-12-2011,36,418900,8.59E-05,0,5059,95.1,132.55,5000,-2.059866506,38,38,218,54,8.77E-05,6.03E-05,0.000455115,0.000127328,0,0,0,0,5068.6667,5088,5096,5129,133.66,135.17,135.59,127.4,-2.085067922,-2.039528573,-2.039528573,-1.574770773,0.000226181,0.000241348,0.000270414,0.000302614,0.000300817,0.000274289,133.6266667,1.060393009,134.3466667,1.076042131,133.4075,2.725816391,-2.068672268,0.014212061,-2.057895366,0.017008549,-1.976052818,0.158468644,668300,-10568.51434
31-01-2012,26,424100,6.13E-05,0,5093.6667,94.6,133.24,5000,-1.820521029,36,218,336,54,8.59E-05,0.000504863,0.000782852,0.000127328,0,0,0,0,5059,5078.3333,5093.3333,5129,132.55,134.67,134.56,127.4,-2.059866506,-2.061082377,-2.062298247,-1.574770773,7.83E-05,1.48E-05,0.000150157,0.000174493,0.000295315,0.000278711,133.15,0.560446251,134.1266667,1.155693154,133.8941667,1.973153721,-1.988485152,0.146005951,-2.017599163,0.098011163,-1.996532006,0.110521702,662750,-10420.86465
29-02-2012,18,359000,5.01E-05,0,5128.3333,95.1,135.14,5000,-1.995205094,26,38,36,36,6.13E-05,8.77E-05,0.000100756,9.99E-05,0,0,0,0,5093.6667,5068.6667,5090.6667,5088,133.24,133.66,135.47,129,-1.820521029,-2.085067922,-2.039528573,-2.017974769,6.58E-05,1.83E-05,0.000141721,0.000178536,0.000291169,0.00028223,133.6433333,1.341280483,134.0716667,1.084645872,134.4058333,1.253514756,-1.958530876,0.123815641,-2.010211917,0.097697602,-1.994634533,0.110315365,666200,-9273.127343
31-03-2012,336,667900,0.000503069,0,5163,95.4,138.41,5000,-1.973651291,18,36,38,320,5.01E-05,8.59E-05,6.03E-05,0.000483384,0,0,0,0,5128.3333,5059,5088,5047,135.14,132.55,135.17,132.25,-1.995205094,-2.059866506,-2.039528573,-1.71980764,0.000204838,0.000258336,0.00021551,0.0002239,0.00029281,0.000283504,135.5966667,2.615078074,134.6116667,2.085544693,134.9191667,1.522793237,-1.929792471,0.095243518,-1.99923237,0.097445387,-2.015788171,0.069677854,675700,-10232.07673
30-04-2012,236,439300,0.000537218,0,5174.3333,96,141.58,5000,-1.973651291,336,26,218,320,0.000503069,6.13E-05,0.000504863,0.000736648,0,0,0,0,5163,5093.6667,5078.3333,5063.3333,138.41,133.24,134.67,134.29,-1.973651291,-1.820521029,-2.061082377,-2.017974769,0.000363476,0.000271894,0.000220902,0.000232488,0.000276191,0.00025999,138.3766667,3.220129397,135.7633333,3.531111251,135.5266667,2.431798187,-1.980835892,0.012444094,-1.984660522,0.092771713,-2.012094547,0.070718429,692050,-10189.96161
31-05-2012,236,459000,0.000514161,0,5185.6667,95.9,137.14,5000,-2.017974769,236,18,38,38,0.000537218,5.01E-05,8.77E-05,8.50E-05,0,0,0,0,5174.3333,5128.3333,5068.6667,5079.6667,141.58,135.14,133.66,136.28,-1.973651291,-1.995205094,-2.085067922,-1.995205094,0.00051815,1.74E-05,0.000291972,0.00024828,0.000311958,0.000260812,139.0433333,2.286751699,136.3433333,3.399898038,135.5983333,2.468414409,-1.988425783,0.025590172,-1.97347833,0.081622176,-2.01399202,0.070529282,707900,-10212.3296
30-06-2012,336,485600,0.000691928,0,5197,95.5,132.82,5000,-2.039528573,236,336,36,218,0.000514161,0.000503069,8.59E-05,0.000455115,0,0,0,0,5185.6667,5163,5059,5096,137.14,138.41,132.55,135.59,-2.017974769,-1.973651291,-2.059866506,-2.039528573,0.000581102,9.67E-05,0.00039297,0.00027001,0.000331692,0.000280821,137.18,4.380136984,136.3883333,3.340924523,135.3675,2.595510547,-2.010384877,0.033588077,-1.970088674,0.077642356,-2.01399202,0.070529282,685700,-10464.54456
31-07-2012,236,441700,0.000534299,0,5184.6667,95.6,131.61,5000,-2.061082377,336,236,26,336,0.000691928,0.000537218,6.13E-05,0.000782852,0,0,0,0,5197,5174.3333,5093.6667,5093.3333,132.82,141.58,133.24,134.56,-2.039528573,-1.973651291,-1.820521029,-2.062298247,0.000580129,9.73E-05,0.000471802,0.000217813,0.00031098,0.00025223,133.8566667,2.907100503,136.1166667,3.695579341,135.1216667,2.809803724,-2.039528573,0.021553804,-2.010182232,0.035794106,-2.013890698,0.07045441,664100,-10599.42999
31-08-2012,54,357500,0.000151049,0,5172.3333,96.1,135.12,5000,-2.016758898,236,236,18,36,0.000534299,0.000514161,5.01E-05,0.000100756,0,0,0,0,5184.6667,5185.6667,5128.3333,5090.6667,131.61,137.14,135.14,135.47,-2.061082377,-2.017974769,-1.995205094,-2.039528573,0.000459092,0.000278172,0.000488621,0.000179219,0.000315171,0.000248814,133.1833333,1.78298439,136.1133333,3.696645326,135.0925,2.807674952,-2.039123282,0.022164518,-2.013774533,0.035064513,-2.011993225,0.070006353,658050,-10686.02516
30-09-2012,54,655800,8.23E-05,0,5160,96.5,138.98,5000,-1.952097487,54,336,336,38,0.000151049,0.000691928,0.000503069,6.03E-05,0,0,0,0,5172.3333,5197,5163,5088,135.12,132.82,138.41,135.17,-2.016758898,-2.039528573,-1.973651291,-2.039528573,0.000255897,0.000243539,0.0004185,0.00024329,0.000317005,0.000246838,135.2366667,3.68638486,136.2083333,3.77398684,135.41,3.024301572,-2.009979587,0.054807808,-2.010182232,0.040655518,-2.004707301,0.071415603,675600,-10431.34921
31-10-2012,436,449700,0.000969535,0,5163.3333,97,138.06,5000,-1.691686786,54,236,236,218,8.23E-05,0.000534299,0.000537218,0.000504863,0,0,0,0,5160,5184.6667,5174.3333,5078.3333,138.98,131.61,141.58,134.67,-1.952097487,-2.061082377,-1.973651291,-2.061082377,0.000400975,0.000493584,0.000490552,0.00033297,0.000355727,0.000307886,137.3866667,2.016167982,135.6216667,2.957150092,135.6925,3.106117498,-1.886847724,0.172078814,-1.963188148,0.137926453,-1.973924335,0.112627574,694900,-10072.82303
30-11-2012,326,448100,0.000727516,0,5166.6667,97.2,135.12,5000,-1.97243542,436,54,236,38,0.000969535,0.000151049,0.000514161,8.77E-05,0,0,0,0,5163.3333,5172.3333,5185.6667,5068.6667,138.06,135.12,137.14,133.66,-1.691686786,-2.016758898,-2.017974769,-2.085067922,0.000593131,0.000458609,0.000526112,0.000347089,0.000409042,0.000312618,137.3866667,2.016167982,135.285,2.86321323,135.8141667,3.047304199,-1.872073231,0.156549864,-1.955598257,0.135541013,-1.964538293,0.107079758,690300,-8734.742717
31-12-2012,218,423100,0.000515245,0,5170,97.6,132.29,5000,-1.993989224,326,54,336,36,0.000727516,8.23E-05,0.000691928,8.59E-05,0,0,0,0,5166.6667,5160,5197,5059,135.12,138.98,132.82,132.55,-1.97243542,-1.952097487,-2.039528573,-2.059866506,0.000737432,0.000227308,0.000496664,0.000337572,0.000444817,0.000296427,135.1566667,2.885174749,135.1966667,2.960977316,135.7925,3.073434931,-1.886037143,0.168657012,-1.948008365,0.131103593,-1.95904852,0.103372696,675600,-10190.9164
31-01-2013,38,439300,8.65E-05,0,5158.3333,97.1,132.26,5000,-2.038312702,218,436,236,26,0.000515245,0.000969535,0.000534299,6.13E-05,0,0,0,0,5170,5163.3333,5184.6667,5093.6667,132.29,138.06,131.61,133.24,-1.993989224,-1.691686786,-2.061082377,-1.820521029,0.000443087,0.000326543,0.000422031,0.000375012,0.000446917,0.000293539,133.2233333,1.642630005,135.305,2.811631199,135.7108333,3.159247489,-2.001579115,0.033588077,-1.94421342,0.127454692,-1.977197826,0.095672374,661450,-10308.92429
28-02-2013,54,363900,0.000148392,0,5146.6667,97.8,136.32,5000,-1.863628637,38,326,54,18,8.65E-05,0.000727516,0.000151049,5.01E-05,0,0,0,0,5158.3333,5166.6667,5172.3333,5128.3333,132.26,135.12,135.12,135.14,-2.038312702,-1.97243542,-2.016758898,-1.995205094,0.000250046,0.000231744,0.000421589,0.000375398,0.000455105,0.000282633,133.6233333,2.33543001,135.505,2.83839215,135.8091667,3.15822867,-1.965310187,0.090804714,-1.918691709,0.125336672,-1.966233121,0.100822182,661300,-10514.29629
31-03-2013,436,691000,0.00063097,0,5135,98.1,138.54,5000,-1.803265689,54,218,54,336,0.000148392,0.000515245,8.23E-05,0.000503069,0,0,0,0,5146.6667,5170,5160,5163,136.32,132.29,138.98,138.41,-1.863628637,-1.993989224,-1.952097487,-1.973651291,0.000288621,0.000298093,0.000513027,0.000341527,0.000465763,0.000286984,135.7066667,3.18460882,135.4316667,2.734435347,135.82,3.168168384,-1.901735676,0.122069179,-1.89388641,0.131955909,-1.952034321,0.111151134,681600,-9591.475446
30-04-2013,236,459100,0.000514049,0,5160.6667,98.3,136.41,5000,-1.995205094,436,38,436,236,0.00063097,8.65E-05,0.000969535,0.000537218,0,0,0,0,5135,5158.3333,5163.3333,5174.3333,138.54,132.26,138.06,141.58,-1.803265689,-2.038312702,-1.691686786,-1.973651291,0.000431137,0.000251746,0.000437112,0.000260855,0.000463832,0.000286537,137.09,1.256542876,135.1566667,2.489214066,135.3891667,2.617307632,-1.887366473,0.098146816,-1.944472794,0.090651756,-1.953830471,0.111704981,692700,-9259.769311
31-05-2013,636,476600,0.001334452,0,5186.3333,98.5,133.34,5000,-1.856898432,236,54,326,236,0.000514049,0.000148392,0.000727516,0.000514161,0,0,0,0,5160.6667,5146.6667,5166.6667,5185.6667,136.41,136.32,135.12,137.14,-1.995205094,-1.863628637,-1.97243542,-2.017974769,0.00082649,0.000443775,0.000538268,0.00044715,0.00053219,0.000381684,136.0966667,2.614121905,134.86,2.598145492,135.0725,2.616097458,-1.885123072,0.099033613,-1.92521663,0.095656955,-1.940407443,0.112967102,682050,-10296.58849
30-06-2013,336,510500,0.000658178,0,5212,98.3,134.33,5000,-1.889155478,636,436,218,336,0.001334452,0.00063097,0.000515245,0.000691928,0,0,0,0,5186.3333,5135,5170,5197,133.34,138.54,132.29,132.82,-1.856898432,-1.803265689,-1.993989224,-2.039528573,0.00083556,0.000438022,0.000562091,0.00044948,0.000529377,0.000380523,134.6933333,1.566918419,135.2,2.312323507,135.1983333,2.532895696,-1.913753002,0.072359946,-1.907744339,0.08998924,-1.927876352,0.109251442,666700,-9630.494173
31-07-2013,536,459100,0.001167502,0,5239.3333,98.3,135.01,5000,-1.822062325,336,236,38,236,0.000658178,0.000514049,8.65E-05,0.000534299,0,0,0,0,5212,5160.6667,5158.3333,5184.6667,134.33,136.41,132.26,131.61,-1.889155478,-1.995205094,-2.038312702,-2.061082377,0.001053377,0.000352285,0.000742257,0.000437204,0.000582144,0.00042282,134.2266667,0.839781718,135.6583333,1.836642771,135.4816667,2.271706741,-1.856038745,0.033554837,-1.871702609,0.067807948,-1.907958014,0.104440733,671650,-9846.278352
31-08-2013,236,363100,0.000649959,0,5266.6667,98.7,137,5000,-1.456644884,536,636,54,54,0.001167502,0.001334452,0.000148392,0.000151049,0,0,0,0,5239.3333,5186.3333,5146.6667,5172.3333,135.01,133.34,136.32,135.12,-1.822062325,-1.856898432,-1.863628637,-2.016758898,0.000825213,0.000296459,0.000825852,0.000337536,0.00062372,0.000400517,135.4466667,1.387527777,135.7716667,1.905333742,135.6383333,2.309017238,-1.722620896,0.232771996,-1.803871984,0.183079957,-1.861281847,0.161157311,675050,-9546.391816
30-09-2013,536,698000,0.000767908,0,5294,99.1,136.51,5000,-1.71859177,236,336,436,54,0.000649959,0.000658178,0.00063097,8.23E-05,0,0,0,0,5266.6667,5212,5135,5160,137,134.33,138.54,138.98,-1.456644884,-1.889155478,-1.803265689,-1.952097487,0.00086179,0.000271243,0.000848675,0.000326161,0.000680851,0.000363454,136.1733333,1.036838142,135.4333333,1.43848068,135.4325,2.083088289,-1.665766326,0.18834907,-1.789759664,0.18636993,-1.841823037,0.163278263,685000,-7671.663104
31-10-2013,336,454900,0.000738624,0,5315.6667,99.1,131.56,5000,-1.699795133,536,536,236,436,0.000767908,0.001167502,0.000514049,0.000969535,0,0,0,0,5294,5239.3333,5160.6667,5163.3333,136.51,135.01,136.41,138.06,-1.71859177,-1.822062325,-1.995205094,-1.691686786,0.00071883,6.14E-05,0.000886104,0.000291079,0.000661608,0.000352735,135.0233333,3.009324398,134.625,2.023588397,134.8908333,2.180564807,-1.625010596,0.14611156,-1.74052467,0.158120232,-1.842498732,0.162615904,682550,-9098.224829
30-11-2013,536,457800,0.001170817,0,5337.3333,99.2,129.89,5000,-1.652714488,336,236,636,326,0.000738624,0.000649959,0.001334452,0.000727516,0,0,0,0,5315.6667,5266.6667,5186.3333,5166.6667,131.56,137,133.34,135.12,-1.699795133,-1.456644884,-1.856898432,-1.97243542,0.00089245,0.000241517,0.000858831,0.00024463,0.00069855,0.000382244,132.6533333,3.442765361,134.05,2.8021349,134.455,2.61081492,-1.69036713,0.03393552,-1.706494013,0.149819425,-1.815855321,0.165556723,657800,-9035.544385
31-12-2013,336,451700,0.000743857,0,5359,99.6,130.41,5000,-1.750996135,536,536,336,218,0.001170817,0.000767908,0.000658178,0.000515245,0,0,0,0,5337.3333,5294,5212,5170,129.89,136.51,134.33,132.29,-1.652714488,-1.71859177,-1.889155478,-1.993989224,0.000884432,0.00024803,0.000873111,0.000232789,0.000717601,0.000377951,130.62,0.854575918,133.3966667,3.158161913,134.2983333,2.801950079,-1.701168585,0.049155217,-1.683467456,0.124630008,-1.795605897,0.15639515,649450,-8821.08807
31-01-2014,536,449200,0.001193232,0,5355.3333,99,129.75,5000,-1.620635548,336,336,536,38,0.000743857,0.000738624,0.001167502,8.65E-05,0,0,0,0,5359,5315.6667,5239.3333,5158.3333,130.41,131.56,135.01,132.26,-1.750996135,-1.699795133,-1.822062325,-2.038312702,0.001035969,0.000253225,0.000877399,0.000239439,0.000809828,0.000343403,130.0166667,0.347754703,132.52,3.345265311,134.0891667,3.050598923,-1.674782057,0.067924251,-1.649896326,0.105489697,-1.760799468,0.14340789,652050,-9383.588287
28-02-2014,236,365600,0.000645514,0,5351.6667,99.5,129,5000,-1.695822095,536,536,236,54,0.001193232,0.001170817,0.000649959,0.000148392,0,0,0,0,5355.3333,5337.3333,5266.6667,5146.6667,129.75,129.89,137,136.32,-1.620635548,-1.652714488,-1.456644884,-1.863628637,0.000860868,0.000292006,0.000876659,0.000240288,0.000851255,0.000280598,129.72,0.705478561,131.1866667,2.742529246,133.4791667,3.286687911,-1.689151259,0.065435814,-1.689759195,0.046624345,-1.746815589,0.140623833,648750,-8679.043517
31-03-2014,1218,759600,0.001603476,0,5348,99.7,128.97,5000,-1.737388407,236,336,536,436,0.000645514,0.000743857,0.000767908,0.00063097,0,0,0,0,5351.6667,5359,5294,5135,129,130.41,136.51,138.54,-1.695822095,-1.750996135,-1.71859177,-1.803265689,0.001147407,0.000480622,0.00101592,0.000371151,0.000932297,0.000344381,129.24,0.441927596,129.93,0.970340147,132.6816667,3.102989272,-1.68461535,0.059177706,-1.692891968,0.049492397,-1.741325816,0.139501155,645000,-9075.474636
30-04-2014,918,473200,0.001939983,0,5341.6667,100.1,128.95,5000,-1.677025458,1218,536,336,236,0.001603476,0.001193232,0.000738624,0.000514049,0,0,0,0,5348,5355.3333,5315.6667,5160.6667,128.97,129.75,131.56,136.41,-1.737388407,-1.620635548,-1.699795133,-1.995205094,0.001396324,0.000671637,0.001216146,0.00049502,0.001051125,0.000423797,128.9733333,0.025166115,129.495,0.61252755,132.06,3.034666374,-1.703411987,0.030888934,-1.689097022,0.049729608,-1.714810846,0.114934613,644850,-9291.553198
31-05-2014,536,490000,0.001093878,0,5335.3333,100,129.43,5000,-1.678241329,918,236,536,636,0.001939983,0.000645514,0.001170817,0.001334452,0,0,0,0,5341.6667,5351.6667,5337.3333,5186.3333,128.95,129,129.89,133.34,-1.677025458,-1.695822095,-1.652714488,-1.856898432,0.001545779,0.000425993,0.001203323,0.000497419,0.001031077,0.00041477,129.1166667,0.271538825,129.4183333,0.58118557,131.7341667,3.094066046,-1.697551731,0.034504929,-1.693351495,0.047012176,-1.699922754,0.106086672,644750,-8958.111046
30-06-2014,936,523300,0.001788649,0,5329,100.2,130.01,5000,-1.580285107,536,1218,336,336,0.001093878,0.001603476,0.000743857,0.000658178,0,0,0,0,5335.3333,5348,5359,5212,129.43,128.97,130.41,134.33,-1.678241329,-1.737388407,-1.750996135,-1.889155478,0.001607503,0.000451203,0.001377455,0.000487175,0.001125283,0.000449316,129.4633333,0.530785581,129.3516667,0.453626131,131.3741667,3.01488567,-1.645183965,0.056207347,-1.664899657,0.055954954,-1.674183557,0.09261468,647150,-8953.976849
31-07-2014,800,277000,0.002888087,0,5327.3333,99.9,131.02,5000,-1.53182632,936,918,536,536,0.001788649,0.001939983,0.001193232,0.001167502,0,0,0,0,5329,5341.6667,5355.3333,5239.3333,130.01,128.95,129.75,135.01,-1.580285107,-1.677025458,-1.620635548,-1.822062325,0.001923538,0.000904678,0.001659931,0.000768896,0.001268665,0.000679554,130.1533333,0.804632421,129.5633333,0.822767687,131.0416667,2.78901036,-1.596784252,0.074588907,-1.65009812,0.07757509,-1.649997223,0.088281562,650050,-8421.339337
31-08-2014,500,173800,0.00287687,0,5325.6667,100.2,129.17,5000,-1.613905343,800,536,236,236,0.002888087,0.001093878,0.000645514,0.000649959,0,0,0,0,5327.3333,5335.3333,5351.6667,5266.6667,131.02,129.43,129,137,-1.53182632,-1.678241329,-1.695822095,-1.456644884,0.002517869,0.000631548,0.002031824,0.000718065,0.001454241,0.000790282,130.0666667,0.926300887,129.5916667,0.802157507,130.3891667,2.098845823,-1.575338924,0.041262453,-1.636445328,0.075087037,-1.663102261,0.065772728,655100,-8160.549366
30-09-2014,1500,528600,0.002837684,0,5324,100.3,128.4,5000,-1.749454839,500,936,1218,536,0.00287687,0.001788649,0.001603476,0.000767908,0,0,0,0,5325.6667,5329,5348,5294,129.17,130.01,128.97,136.51,-1.613905343,-1.580285107,-1.737388407,-1.71859177,0.002867547,2.65E-05,0.002237525,0.000747012,0.001626723,0.000850447,129.53,1.346588282,129.4966667,0.916158647,129.7133333,0.927747353,-1.631728834,0.109903597,-1.6384564,0.078418995,-1.665674184,0.068679012,645850,-8595.121944
31-10-2014,800,281600,0.002840909,0,5356,100.4,125.95,5000,-1.752212006,1500,800,918,336,0.002837684,0.002888087,0.001939983,0.000738624,0,0,0,0,5324,5327.3333,5341.6667,5315.6667,128.4,131.02,128.95,131.56,-1.749454839,-1.53182632,-1.677025458,-1.699795133,0.002851821,2.18E-05,0.002387679,0.000765558,0.001801913,0.000867236,127.84,1.681457701,128.9966667,1.730706985,129.2458333,1.264828111,-1.705190729,0.079067482,-1.650987491,0.090838637,-1.670042256,0.07260132,642000,-9314.097561
30-11-2014,1000,275400,0.003631082,0,5388,100.1,122.92,5000,-1.639432185,800,500,536,536,0.002840909,0.00287687,0.001093878,0.001170817,0,0,0,0,5356,5325.6667,5335.3333,5337.3333,125.95,129.17,129.43,129.89,-1.752212006,-1.613905343,-1.678241329,-1.652714488,0.003103225,0.00045714,0.002810547,0.000588154,0.002006935,0.000987018,125.7566667,2.745110805,127.9116667,2.988360197,128.665,2.198150049,-1.713699676,0.064332307,-1.6445193,0.089886616,-1.668935398,0.07298972,629750,-9384.847502
31-12-2014,1700,267800,0.006348021,0,5420,100.1,116.83,5000,-1.695822095,1000,1500,936,336,0.003631082,0.002837684,0.001788649,0.000743857,0,0,0,0,5388,5324,5329,5359,122.92,128.4,130.01,130.41,-1.639432185,-1.749454839,-1.580285107,-1.750996135,0.004273337,0.001839654,0.003570442,0.001395308,0.002473949,0.001518034,121.9,4.644771254,125.715,5.178798123,127.5333333,3.986393525,-1.695822095,0.05638991,-1.663775465,0.085649477,-1.664337561,0.068978086,614600,-8833.260612
31-01-2015,800,266700,0.002999625,2410,5451.3333,99.3,108.27,5000,-1.538642772,1700,800,800,536,0.006348021,0.002840909,0.002888087,0.001193232,0,0,0,0,5420,5356,5327.3333,5355.3333,116.83,125.95,131.02,129.75,-1.695822095,-1.752212006,-1.53182632,-1.620635548,0.004326243,0.00177915,0.003589032,0.001385105,0.002624481,0.001468236,116.0066667,7.35962182,121.9233333,8.050146997,125.7433333,6.758952761,-1.624632351,0.079627955,-1.66491154,0.083569174,-1.65750483,0.077263904,584150,-9191.355756
28-02-2015,600,178800,0.003355705,2529,5482.6667,99.5,107,5000,-1.689091891,800,1000,500,236,0.002999625,0.003631082,0.00287687,0.000645514,2410,0,0,0,5451.3333,5388,5325.6667,5351.6667,108.27,122.92,129.17,129,-1.538642772,-1.639432185,-1.613905343,-1.695822095,0.00423445,0.001839044,0.003668838,0.001349194,0.002850331,0.001338899,110.7,5.346578345,118.2283333,9.080725558,123.91,8.543424904,-1.641185586,0.088868417,-1.677442631,0.079949887,-1.656943979,0.076984399,541350,-8387.654577
31-03-2015,2300,595000,0.003865546,2660,5514,99.7,110.8,5000,-1.550785228,600,1700,1500,1218,0.003355705,0.006348021,0.002837684,0.001603476,2529,0,0,0,5482.6667,5420,5324,5348,107,116.83,128.4,128.97,-1.689091891,-1.695822095,-1.749454839,-1.737388407,0.003406959,0.00043523,0.003840148,0.001286345,0.003038837,0.001306235,108.69,1.93450252,115.295,7.904284281,122.3958333,9.153475702,-1.592839963,0.083577419,-1.644331029,0.085132829,-1.641393714,0.078096223,535000,-9260.727862
30-04-2015,800,287600,0.002781641,2742,5554.3333,99.9,112.83,5000,-1.39090981,2300,800,800,918,0.003865546,0.002999625,0.002840909,0.001939983,2660,2410,0,0,5514,5451.3333,5356,5341.6667,110.8,108.27,125.95,128.95,-1.550785228,-1.538642772,-1.752212006,-1.677025458,0.003334297,0.00054227,0.00383027,0.001295747,0.003108975,0.001263775,110.21,2.959442515,113.1083333,5.937115181,121.0525,9.286063972,-1.543595643,0.149220997,-1.584113997,0.115814901,-1.617550744,0.10520108,554000,-8551.029749
31-05-2015,900,300200,0.002998001,2826,5594.6667,100.1,115.28,5000,-1.628728942,800,600,1000,536,0.002781641,0.003355705,0.003631082,0.001093878,2742,2529,0,0,5554.3333,5482.6667,5388,5335.3333,112.83,107,122.92,129.43,-1.39090981,-1.689091891,-1.639432185,-1.678241329,0.003215063,0.000573628,0.003724757,0.001340223,0.003267652,0.00109619,112.97,2.24327885,111.835,3.872098914,119.8733333,9.02015353,-1.52347466,0.121238959,-1.582330123,0.114871019,-1.613424712,0.103562565,564150,-7725.576675
30-06-2015,1300,359900,0.003612114,2907,5635,100.2,116.39,5000,-1.554758266,900,2300,1700,936,0.002998001,0.003865546,0.006348021,0.001788649,2826,2660,0,0,5594.6667,5514,5420,5329,115.28,110.8,116.83,130.01,-1.628728942,-1.550785228,-1.695822095,-1.580285107,0.003130586,0.000430819,0.003268772,0.000415845,0.003419607,0.000994168,114.8333333,1.821546962,111.7616667,3.761156294,118.7383333,8.468754157,-1.524799006,0.121707242,-1.558819485,0.100538583,-1.611297475,0.104562496,576400,-9112.195578
31-07-2015,600,281000,0.002135231,3020,5668,100,116.5,5000,-1.487665113,1300,800,800,800,0.003612114,0.002781641,0.002999625,0.002888087,2907,2742,2410,0,5635,5554.3333,5451.3333,5327.3333,116.39,112.83,108.27,131.02,-1.554758266,-1.39090981,-1.538642772,-1.53182632,0.002915116,0.000741922,0.003124707,0.000624913,0.003356869,0.001052786,116.0566667,0.67485801,113.1333333,3.733704148,117.5283333,7.540914863,-1.557050774,0.070559852,-1.550323208,0.104654439,-1.607617374,0.108323274,581950,-8761.062828
31-08-2015,700,181300,0.003861004,3134,5701,100.3,114.12,5000,-1.629944813,600,900,600,500,0.002135231,0.002998001,0.003355705,0.00287687,3020,2826,2529,0,5668,5594.6667,5482.6667,5325.6667,116.5,115.28,107,129.17,-1.487665113,-1.628728942,-1.689091891,-1.613905343,0.003202783,0.000932865,0.003208923,0.000692647,0.00343888,0.001050324,115.67,1.343465668,114.32,2.218531046,116.2741667,6.624558247,-1.557456064,0.071178205,-1.540465362,0.090843324,-1.608953997,0.108506718,582500,-8432.085861
30-09-2015,1900,565400,0.003360453,3244,5734,100.2,110.4,5000,-1.333039676,700,1300,2300,1500,0.003861004,0.003612114,0.003865546,0.002837684,3134,2907,2660,0,5701,5635,5514,5324,114.12,116.39,110.8,128.4,-1.629944813,-1.554758266,-1.550785228,-1.749454839,0.003118896,0.000887882,0.003124741,0.000624193,0.003482444,0.001033834,113.6733333,3.074432197,114.2533333,2.347710942,114.7741667,5.585716294,-1.483549867,0.148495342,-1.504174437,0.123514595,-1.574252733,0.124844951,570600,-9292.31538
31-10-2015,1100,280300,0.003924367,3386,5734.3333,100.3,108.74,5000,-1.311750225,1900,600,800,800,0.003360453,0.002135231,0.002781641,0.002840909,3244,3020,2742,0,5734,5668,5554.3333,5356,110.4,116.5,112.83,125.95,-1.333039676,-1.487665113,-1.39090981,-1.752212006,0.003715274,0.000308913,0.003315195,0.000671138,0.003572733,0.00101993,111.0866667,2.754947065,113.5716667,3.260112984,113.34,4.572968004,-1.424911571,0.177882778,-1.490981173,0.141019931,-1.537547585,0.132294344,552000,-7643.649501
30-11-2015,1200,281800,0.004258339,3525,5734.6667,100.3,107.19,5000,-1.565608827,1100,700,900,1000,0.003924367,0.003861004,0.002998001,0.003631082,3386,3134,2826,0,5734.3333,5701,5594.6667,5388,108.74,114.12,115.28,122.92,-1.311750225,-1.629944813,-1.628728942,-1.639432185,0.00384772,0.000453824,0.003525251,0.000745158,0.003625004,0.001039086,108.7766667,1.605314092,112.2233333,4.001023202,112.0291667,3.759340992,-1.403466243,0.140822489,-1.480461153,0.130662863,-1.531395638,0.12879601,543700,-7522.012997
31-12-2015,2300,283000,0.008127208,3667,5735,100.3,103.8,5000,-1.325215745,1200,1900,1300,1700,0.004258339,0.003360453,0.003612114,0.006348021,3525,3244,2907,0,5734.6667,5734,5635,5420,107.19,110.4,116.39,116.83,-1.565608827,-1.333039676,-1.554758266,-1.695822095,0.005436638,0.002336078,0.004277767,0.002027268,0.00377327,0.001491428,106.5766667,2.526466571,110.125,4.630644664,110.9433333,4.111866051,-1.400858266,0.142836937,-1.442204067,0.137958955,-1.500511776,0.130209924,535950,-8978.244808
31-01-2016,900,272100,0.003307607,3752,5722,99.5,101.78,5000,-1.329188783,2300,1100,600,800,0.008127208,0.003924367,0.002135231,0.002999625,3667,3386,3020,2410,5735,5734.3333,5668,5451.3333,103.8,108.74,116.5,108.27,-1.325215745,-1.311750225,-1.487665113,-1.538642772,0.005231052,0.002552796,0.004473163,0.001825966,0.003798935,0.001479507,104.2566667,2.733758097,107.6716667,4.474364387,110.4025,4.855098773,-1.406671119,0.137658428,-1.415791345,0.142606677,-1.483057277,0.13841392,519000,-7600.1123
29-02-2016,500,186400,0.002682403,3830,5709,99.8,101.43,5000,-1.334580972,900,1200,700,600,0.003307607,0.004258339,0.003861004,0.003355705,3752,3525,3134,2529,5722,5734.6667,5701,5482.6667,101.78,107.19,114.12,107,-1.329188783,-1.565608827,-1.629944813,-1.689091891,0.00470574,0.002979523,0.00427673,0.001963228,0.003742826,0.001510291,102.3366667,1.27930971,105.5566667,3.758662883,109.9383333,5.440882003,-1.329661834,0.0047005,-1.366564038,0.09785374,-1.4535147,0.127872213,508900,-7605.618217
31-03-2016,2900,622100,0.00466163,3913,5696,100.2,102.29,4500,-1.460699057,500,2300,1900,2300,0.002682403,0.008127208,0.003360453,0.003865546,3830,3667,3244,2660,5709,5735,5734,5514,101.43,103.8,110.4,110.8,-1.334580972,-1.325215745,-1.333039676,-1.550785228,0.003550547,0.001011731,0.004493593,0.001912994,0.003809167,0.001533477,101.8333333,0.432473506,104.205,3.06231775,109.2291667,5.857044645,-1.374822937,0.074419755,-1.387840602,0.102857317,-1.446007519,0.12423515,456435,-7619.12277
30-04-2016,900,291100,0.003091721,4074,5691.6667,100.2,105.86,4500,-1.334534852,2900,900,1100,800,0.00466163,0.003307607,0.003924367,0.002781641,3913,3752,3386,2742,5696,5722,5734.3333,5554.3333,102.29,101.78,108.74,112.83,-1.460699057,-1.329188783,-1.311750225,-1.39090981,0.003478585,0.001044788,0.004354818,0.001991151,0.003835007,0.001517114,103.1933333,2.349092023,103.725,2.352842961,108.6483333,5.812928902,-1.37660496,0.072827628,-1.391638039,0.09986328,-1.441309606,0.127530264,460305,-8320.14183
31-05-2016,800,306200,0.002612671,4244,5687.3333,100.4,108.69,4500,-1.351897385,900,500,1200,900,0.003091721,0.002682403,0.004258339,0.002998001,4074,3830,3525,2826,5691.6667,5709,5734.6667,5594.6667,105.86,101.43,107.19,115.28,-1.334534852,-1.334580972,-1.565608827,-1.628728942,0.003455341,0.001071785,0.00408054,0.002116497,0.003802896,0.001540341,105.6133333,3.207122282,103.975,2.82663581,108.0991667,5.428002241,-1.382377098,0.068382098,-1.356019466,0.052086007,-1.41824031,0.114964769,476370,-7595.727575
30-06-2016,1400,358400,0.00390625,4408,5683,100.6,111.02,4500,-1.377566435,800,2900,2300,1300,0.002612671,0.00466163,0.008127208,0.003612114,4244,3913,3667,2907,5687.3333,5696,5735,5635,108.69,102.29,103.8,116.39,-1.351897385,-1.460699057,-1.325215745,-1.554758266,0.003203548,0.000653999,0.003377047,0.00078527,0.003827407,0.001539369,108.5233333,2.584034313,105.1783333,4.021509252,107.6516667,4.875593826,-1.354666224,0.021648998,-1.364744581,0.050246189,-1.403474324,0.106935273,489105,-7688.691017
31-07-2016,700,281500,0.002486679,4515,5666.6667,100.6,111.79,4500,-1.682361686,1400,900,900,600,0.00390625,0.003091721,0.003307607,0.002135231,4408,4074,3752,3020,5683,5691.6667,5722,5668,111.02,105.86,101.78,116.5,-1.377566435,-1.334534852,-1.329188783,-1.487665113,0.003001867,0.000785748,0.003240226,0.000867047,0.003856694,0.001507256,110.5,1.614094173,106.8466667,4.389262656,107.2591667,4.24766986,-1.470608502,0.183832215,-1.423606731,0.135241482,-1.419699038,0.132568286,499590,-7828.710048
31-08-2016,600,184700,0.003248511,4620,5650.3333,100.9,110.03,4500,-1.497152485,700,800,500,700,0.002486679,0.002612671,0.002682403,0.003861004,4515,4244,3830,3134,5666.6667,5687.3333,5709,5701,111.79,108.69,101.43,114.12,-1.682361686,-1.351897385,-1.334580972,-1.629944813,0.003213813,0.000710422,0.003334577,0.000823935,0.003805653,0.001517433,110.9466667,0.88228869,108.28,3.599855553,106.9183333,3.786124988,-1.519026868,0.153570514,-1.450701983,0.130022896,-1.408633011,0.118184802,503055,-9533.382943
30-09-2016,2700,572500,0.004716157,4722,5634,101.1,111.23,4500,-1.565608827,600,1400,2900,1900,0.003248511,0.00390625,0.00466163,0.003360453,4620,4408,3913,3244,5650.3333,5683,5696,5734,110.03,111.02,102.29,110.4,-1.497152485,-1.377566435,-1.460699057,-1.333039676,0.003483782,0.001133207,0.003343665,0.000841611,0.003918629,0.001531674,111.0166667,0.899184816,109.77,2.204386536,106.9875,3.862326489,-1.581707666,0.093648233,-1.468186945,0.138418977,-1.428013773,0.123606343,495135,-8459.41054
31-10-2016,600,282000,0.00212766,4851,5622,101.2,113.79,4500,-1.331762733,2700,700,900,1100,0.004716157,0.002486679,0.003091721,0.003924367,4722,4515,4074,3386,5634,5666.6667,5691.6667,5734.3333,111.23,111.79,105.86,108.74,-1.565608827,-1.682361686,-1.334534852,-1.311750225,0.003364109,0.001298115,0.003182988,0.000979983,0.003768903,0.001616528,111.6833333,1.920555475,111.0916667,1.713947685,107.4083333,4.318783148,-1.464841348,0.120224815,-1.467724925,0.138957885,-1.429681482,0.122019925,500535,-8820.640133
30-11-2016,900,286600,0.003140265,4977,5610,101.4,115.37,4500,-1.078046338,600,600,800,1200,0.00212766,0.003248511,0.002612671,0.004258339,4851,4620,4244,3525,5622,5650.3333,5687.3333,5734.6667,113.79,110.03,108.69,107.19,-1.331762733,-1.497152485,-1.351897385,-1.565608827,0.003328027,0.001304424,0.00327092,0.000941489,0.00367573,0.001617975,113.4633333,2.089242287,112.205,1.989329033,108.09,4.889089895,-1.325139299,0.243848719,-1.422083084,0.210941122,-1.389051275,0.150495772,512055,-7487.170083
31-12-2016,1800,280200,0.006423983,5107,5598,101.9,114.58,4500,-1.260696542,900,2700,1400,2300,0.003140265,0.004716157,0.00390625,0.008127208,4977,4722,4408,3667,5610,5634,5683,5735,115.37,111.23,111.02,103.8,-1.078046338,-1.565608827,-1.377566435,-1.325215745,0.003897303,0.00224598,0.003690542,0.001607089,0.003533795,0.001216991,114.58,0.79,112.7983333,2.093384023,108.9883333,5.017851466,-1.223501871,0.13088386,-1.402604769,0.221028614,-1.383674675,0.154093189,519165,-6047.839958
31-01-2017,1600,276500,0.005786618,5237,5598.3333,101.4,118.61,4500,-0.821506594,1800,600,700,900,0.006423983,0.00212766,0.002486679,0.003307607,5107,4851,4515,3752,5598,5622,5666.6667,5722,114.58,113.79,111.79,101.78,-1.260696542,-1.331762733,-1.682361686,-1.329188783,0.005116955,0.001741274,0.004240532,0.001675887,0.003740379,0.001375225,116.1866667,2.135517111,113.935,3.063264598,110.3908333,5.169662304,-1.053416491,0.220628477,-1.25912892,0.27574172,-1.341367825,0.224170719,515610,-7057.379243
28-02-2017,1100,184500,0.00596206,5355,5598.6667,102.1,120.16,4500,-0.590376657,1600,900,600,500,0.005786618,0.003140265,0.003248511,0.002682403,5237,4977,4620,3830,5598.3333,5610,5650.3333,5709,118.61,115.37,110.03,101.43,-0.821506594,-1.078046338,-1.497152485,-1.334580972,0.006057554,0.000329238,0.00469279,0.001720192,0.004013684,0.001468576,117.7833333,2.880387705,115.6233333,3.265478015,111.9516667,5.044215108,-0.890859931,0.340499047,-1.107999615,0.356006026,-1.279350799,0.311968233,533745,-4599.06772
31-03-2017,3800,665600,0.005709135,5486,5599,102.5,119.2,4500,-0.794763882,1100,1800,2700,2900,0.00596206,0.006423983,0.004716157,0.00466163,5355,5107,4722,3913,5598.6667,5598,5634,5696,120.16,114.58,111.23,102.29,-0.590376657,-1.260696542,-1.565608827,-1.460699057,0.005819271,0.000129585,0.004858287,0.001769937,0.004100976,0.001539987,119.3233333,0.782325593,116.9516667,2.691508251,113.3608333,4.423559772,-0.735549044,0.126432036,-0.979525457,0.290990801,-1.223856201,0.335145483,540720,-3305.322127
30-04-2017,1200,252500,0.004752475,5626,5631,102.9,117.41,4500,-0.738231763,3800,1600,600,900,0.005709135,0.005786618,0.00212766,0.003091721,5486,5237,4851,4074,5599,5598.3333,5622,5691.6667,119.2,118.61,113.79,105.86,-0.794763882,-0.821506594,-1.331762733,-1.334534852,0.005474556,0.000638,0.005295756,0.001189116,0.004239372,0.001515471,118.9233333,1.395719647,117.555,2.202314691,114.3233333,3.864324787,-0.707790767,0.105539211,-0.880603629,0.244465381,-1.174164277,0.360491751,536400,-4449.882973
31-05-2017,1500,288100,0.005206526,5771,5663,103.3,116.44,4500,-1.094228016,1200,1100,900,800,0.004752475,0.00596206,0.003140265,0.002612671,5626,5355,4977,4244,5631,5598.6667,5610,5687.3333,117.41,120.16,115.37,108.69,-0.738231763,-0.590376657,-1.078046338,-1.351897385,0.005222712,0.000478535,0.005640133,0.000586554,0.004455526,0.001445738,117.6833333,1.400154753,117.7333333,2.026283955,114.9691667,3.464150055,-0.87574122,0.191314741,-0.883300576,0.247153687,-1.15269183,0.356595682,528345,-4156.983058
30-06-2017,2100,345800,0.006072874,5911,5695,103.3,115.26,4500,-0.91555085,1500,3800,1800,1400,0.005206526,0.005709135,0.006423983,0.00390625,5771,5486,5107,4408,5663,5599,5598,5683,116.44,119.2,114.58,111.02,-1.094228016,-0.794763882,-1.260696542,-1.377566435,0.005343958,0.000670842,0.005581615,0.000504485,0.004636079,0.001504981,116.37,1.076707946,117.8466667,1.823509437,115.3225,3.233267767,-0.916003543,0.177998558,-0.825776294,0.169813328,-1.114190531,0.355047288,523980,-6196.613256
31-07-2017,1400,263600,0.005311077,6091,5700,103.2,113.87,4500,0.636990486,2100,1200,1600,700,0.006072874,0.004752475,0.005786618,0.002486679,5911,5626,5237,4515,5695,5631,5598.3333,5666.6667,115.26,117.41,118.61,111.79,-0.91555085,-0.738231763,-0.821506594,-1.682361686,0.005530159,0.000472904,0.005502358,0.00050319,0.004871445,0.001351282,115.19,1.286429166,117.0566667,2.371182546,115.4958333,3.078737812,-0.457596127,0.952140364,-0.582693447,0.62117882,-0.920911183,0.578570178,518670,-5214.062092
31-08-2017,1100,178800,0.006152125,6273,5705,103.8,115.69,4500,-0.41462404,1400,1500,1100,600,0.005311077,0.005206526,0.00596206,0.003248511,6091,5771,5355,4620,5700,5663,5598.6667,5650.3333,113.87,116.44,120.16,110.03,0.636990486,-1.094228016,-0.590376657,-1.497152485,0.005845359,0.000464395,0.005534035,0.000542375,0.005113413,0.001292961,114.94,0.951262319,116.3116667,1.844965221,115.9675,2.554098756,-0.231061468,0.792380946,-0.553401344,0.62487691,-0.83070048,0.564784347,512415,3630.84577
30-09-2017,2700,528600,0.005107832,6448,5710,104.1,118.2,4500,-0.184893191,1100,2100,3800,2700,0.006152125,0.006072874,0.005709135,0.004716157,6273,5911,5486,4722,5705,5695,5599,5634,115.69,115.26,119.2,111.23,-0.41462404,-0.91555085,-0.794763882,-1.565608827,0.005523678,0.000553657,0.005433818,0.000558852,0.005146053,0.001286951,115.92,2.17414351,116.145,1.554101026,116.5483333,2.137317066,0.012491085,0.552895733,-0.451756229,0.627360785,-0.715640843,0.541622737,520605,-2365.430146
31-10-2017,1100,260700,0.004219409,6701,5711,104.2,117.28,4500,-0.535614289,2700,1400,1200,600,0.005107832,0.005311077,0.004752475,0.00212766,6448,6091,5626,4851,5710,5700,5631,5622,118.2,113.87,117.41,113.79,-0.184893191,0.636990486,-0.738231763,-1.331762733,0.005159789,0.000967405,0.005344974,0.000710603,0.005320365,0.000934297,117.0566667,1.26981626,116.1233333,1.533710099,116.8391667,1.95776523,-0.378377173,0.178147969,-0.41798665,0.614170889,-0.64929514,0.50694176,531900,-1055.740119
30-11-2017,1400,266300,0.005257229,6948,5712,104.6,119.07,4500,-0.387678047,1100,1100,1500,900,0.004219409,0.006152125,0.005206526,0.003140265,6701,6273,5771,4977,5711,5705,5663,5610,117.28,115.69,116.44,115.37,-0.535614289,-0.41462404,-1.094228016,-1.078046338,0.00486149,0.000561053,0.005353425,0.000708927,0.005496779,0.000638159,118.1833333,0.89511638,116.5616667,1.959136715,117.1475,1.996329017,-0.369395176,0.176073904,-0.300228322,0.51893034,-0.591764449,0.492838529,527760,-3058.893204
31-12-2017,1700,253300,0.006711409,7203,5713,104.9,119.91,4500,-0.775784027,1400,2700,2100,1800,0.005257229,0.005107832,0.006072874,0.006423983,6948,6448,5911,5107,5712,5710,5695,5598,119.07,118.2,115.26,114.58,-0.387678047,-0.184893191,-0.91555085,-1.260696542,0.005396016,0.001251784,0.005459847,0.000868498,0.005520731,0.000680137,118.7533333,1.343291976,117.3366667,2.240729048,117.5916667,1.96585782,-0.566358788,0.195871083,-0.276933851,0.487999817,-0.551355072,0.45111841,535815,-2214.417004
31-01-2018,1100,265700,0.004140008,7443,5734.3333,104.4,120.97,4500,-0.147157709,1700,1100,1400,1600,0.006711409,0.004219409,0.005311077,0.005786618,7203,6701,6091,5237,5713,5711,5700,5598.3333,119.91,117.28,113.87,118.61,-0.775784027,-0.535614289,0.636990486,-0.821506594,0.005369549,0.001289375,0.005264669,0.001025936,0.005383513,0.000780338,119.9833333,0.952120441,118.52,1.891348725,117.7883333,2.183045551,-0.436873261,0.317187466,-0.407625217,0.23230233,-0.495159332,0.45637745,539595,-4432.054148
28-02-2018,900,182900,0.004920722,7659,5755.6667,104.9,120.84,4500,-0.389341488,1100,1400,1100,1100,0.004140008,0.005257229,0.006152125,0.00596206,7443,6948,6273,5355,5734.3333,5712,5705,5598.6667,120.97,119.07,115.69,120.16,-0.147157709,-0.387678047,-0.41462404,-0.590376657,0.00525738,0.001318344,0.005059435,0.000931742,0.005296735,0.000767955,120.5733333,0.578129167,119.3783333,1.472350728,117.845,2.257752301,-0.437427741,0.317059896,-0.403411458,0.232379276,-0.478406401,0.456254245,544365,-843.8513509
31-03-2018,3700,576200,0.006421381,7898,5777,105,119.2,4500,-0.399983658,900,1700,2700,3800,0.004920722,0.006711409,0.005107832,0.005709135,7659,7203,6448,5486,5755.6667,5713,5710,5599,120.84,119.91,118.2,119.2,-0.389341488,-0.775784027,-0.184893191,-0.794763882,0.005160704,0.001159465,0.00527836,0.001086803,0.005356089,0.00082791,120.3366667,0.986525891,119.545,1.364972527,117.845,2.257752301,-0.312160952,0.142996037,-0.43925987,0.207148017,-0.445508049,0.445475002,543780,-2240.919838
30-04-2018,1600,269000,0.005947955,8117,5763,105.4,120.72,4500,-0.926218194,3700,1100,1100,1200,0.006421381,0.004140008,0.004219409,0.004752475,7898,7443,6701,5626,5777,5734.3333,5711,5631,119.2,120.97,117.28,117.41,-0.399983658,-0.147157709,-0.535614289,-0.738231763,0.005763353,0.000767172,0.005566451,0.000973109,0.005455712,0.000820568,120.2533333,0.914184518,120.1183333,0.847806975,118.1208333,2.397636936,-0.57184778,0.306939907,-0.504360521,0.288779214,-0.461173585,0.459780374,536400,-2310.705592
31-05-2018,1700,294200,0.005778382,8342,5749,105.8,125.28,4500,-0.726190505,1600,900,1400,1500,0.005947955,0.004920722,0.005257229,0.005206526,8117,7659,6948,5771,5763,5755.6667,5712,5663,120.72,120.84,119.07,116.44,-0.926218194,-0.389341488,-0.387678047,-1.094228016,0.00604924,0.000333251,0.00565331,0.000963196,0.005503367,0.000821385,121.7333333,3.164132319,121.1533333,2.131212487,118.8575,3.091801843,-0.684130786,0.265626546,-0.560779264,0.29443589,-0.430503793,0.424645985,543240,-5337.795453
30-06-2018,2000,337200,0.005931198,8560,5735,105.8,128.04,4500,-0.641516586,1700,3700,1700,2100,0.005778382,0.006421381,0.006711409,0.006072874,8342,7898,7203,5911,5749,5777,5713,5695,125.28,119.2,119.91,115.26,-0.726190505,-0.399983658,-0.775784027,-0.91555085,0.005885845,9.34E-05,0.005523274,0.000836054,0.005491561,0.000813435,124.68,3.696701232,122.5083333,3.393360674,119.9225,3.848461617,-0.764641762,0.146193795,-0.538401357,0.279552968,-0.407667604,0.403007353,563760,-4174.869213
31-07-2018,1400,266200,0.005259204,8892,5738.6667,105.8,127.2,4500,-0.566330039,2000,1600,1100,1400,0.005931198,0.005947955,0.004140008,0.005311077,8560,8117,7443,6091,5735,5763,5734.3333,5700,128.04,120.72,120.97,113.87,-0.641516586,-0.926218194,-0.147157709,0.636990486,0.005656261,0.000352249,0.005709807,0.000537116,0.005487238,0.000814618,126.84,1.414779135,123.5466667,3.761673386,121.0333333,3.866394452,-0.644679043,0.079977141,-0.608263412,0.204535322,-0.507944314,0.233503437,576180,-3679.097621
31-08-2018,1400,196300,0.007131941,9229,5742.3333,106.5,128.6,4500,-0.598531124,1400,1700,900,1100,0.005259204,0.005778382,0.004920722,0.006152125,8892,8342,7659,6273,5738.6667,5749,5755.6667,5705,127.2,125.28,120.84,115.69,-0.566330039,-0.726190505,-0.389341488,-0.41462404,0.006107448,0.000948728,0.006078344,0.000636767,0.005568889,0.000928469,127.9466667,0.704651214,124.84,3.973029071,122.1091667,4.036799944,-0.602125916,0.037721958,-0.643128351,0.175526644,-0.523269905,0.232856026,572400,-3249.979335
30-09-2018,3000,441900,0.006788866,9554,5746,106.6,130.3,4500,0.200867295,1400,2000,3700,2700,0.007131941,0.005931198,0.006421381,0.005107832,9229,8560,7898,6448,5742.3333,5735,5777,5710,128.6,128.04,119.2,118.2,-0.598531124,-0.641516586,-0.399983658,-0.184893191,0.006393337,0.000997055,0.006139591,0.000691668,0.005708975,0.000978073,128.7,1.55241747,126.69,3.358326964,123.1175,4.460540377,-0.321331289,0.452523754,-0.542986525,0.386545472,-0.491123198,0.300592774,578700,-3436.965202
31-10-2018,2100,256700,0.008180756,9808,5769,106.7,130.51,4500,0.336411679,3000,1400,1600,1100,0.006788866,0.005259204,0.005947955,0.004219409,9554,8892,8117,6701,5746,5738.6667,5763,5711,130.3,127.2,120.72,117.28,0.200867295,-0.566330039,-0.926218194,-0.535614289,0.007367188,0.000725152,0.006511724,0.001066841,0.006039088,0.001091541,129.8033333,1.04739359,128.3216667,1.96821154,124.22,4.52113421,-0.020417383,0.505227367,-0.332548213,0.470713501,-0.418454367,0.38297657,586350,1154.183476
30-11-2018,2300,261800,0.008785332,10050,5792,107,128.06,3500,-0.367523331,2100,1400,1700,1400,0.008180756,0.007131941,0.005778382,0.005257229,9808,9229,8342,6948,5769,5742.3333,5749,5712,130.51,128.6,125.28,119.07,0.336411679,-0.598531124,-0.726190505,-0.387678047,0.007918318,0.001023779,0.007012883,0.001327802,0.006333096,0.001314235,129.6233333,1.357951889,128.785,1.334012744,124.9691667,4.331022257,0.056585214,0.373489108,-0.272770351,0.431899213,-0.416774807,0.383167957,456785,1940.758977
31-12-2018,2600,245900,0.010573404,10301,5815,107.1,121.7,3500,-0.636124397,2300,3000,2000,1700,0.008785332,0.006788866,0.005931198,0.006711409,10050,9554,8560,7203,5792,5746,5735,5713,128.06,130.3,128.04,119.91,-0.367523331,0.200867295,-0.641516586,-0.775784027,0.009179831,0.001244151,0.007786584,0.001829256,0.006654929,0.001798826,126.7566667,4.54731056,127.7283333,3.219965321,125.1183333,4.168720827,-0.222412016,0.502244537,-0.271871653,0.430983104,-0.405136505,0.373265168,448210,-2128.695135
31-01-2019,2200,263700,0.008342814,10761,5807.3333,106.3,119.55,3500,-0.112265641,2600,2100,1400,1100,0.010573404,0.008180756,0.005259204,0.004140008,10301,9808,8892,7443,5815,5769,5738.6667,5734.3333,121.7,130.51,127.2,120.97,-0.636124397,0.336411679,-0.566330039,-0.147157709,0.00923385,0.001180999,0.008300519,0.001346689,0.007005163,0.001669123,123.1033333,4.425159131,126.4533333,4.662470018,125,4.314775882,-0.371971123,0.261957699,-0.196194253,0.408200467,-0.402228832,0.375586156,425950,-3699.063369
28-02-2019,1600,184500,0.008672087,11182,5799.6667,106.8,119.09,3500,0.161646478,2200,2300,1400,900,0.008342814,0.008785332,0.007131941,0.004920722,10761,10050,9229,7659,5807.3333,5792,5742.3333,5755.6667,119.55,128.06,128.6,120.84,-0.112265641,-0.367523331,-0.598531124,-0.389341488,0.009196101,0.001204087,0.00855721,0.001220246,0.007317777,0.001592788,120.1133333,1.393209723,124.8683333,5.352201105,124.8541667,4.494011082,-0.195581187,0.405358733,-0.069497986,0.374967058,-0.356313169,0.409456943,418425,-651.9639946
31-03-2019,4900,562400,0.00871266,11649,5792,107,120.28,3500,0.258406892,1600,2600,3000,3700,0.008672087,0.010573404,0.006788866,0.006421381,11182,10301,9554,7898,5799.6667,5815,5746,5777,119.09,121.7,130.3,119.2,0.161646478,-0.636124397,0.200867295,-0.399983658,0.008575854,0.000202835,0.008877842,0.000863168,0.007508717,0.001612772,119.64,0.600083328,123.1983333,4.858943987,124.9441667,4.379847358,0.10259591,0.192262214,-0.059908053,0.383894229,-0.301447289,0.445590042,416815,937.4956976
30-04-2019,2500,263800,0.009476876,12296,5817.6667,107.6,124.06,3500,0.484144641,4900,2200,2100,1600,0.00871266,0.008342814,0.008180756,0.005947955,11649,10761,9808,8117,5792,5807.3333,5769,5763,120.28,119.55,130.51,120.72,0.258406892,-0.112265641,0.336411679,-0.926218194,0.008953874,0.000453387,0.009093862,0.000814643,0.007802793,0.001624004,121.1433333,2.595040141,122.1233333,3.417453243,125.2225,4.188970637,0.301399337,0.165491779,-0.035285893,0.417650666,-0.183917053,0.451775393,420980,1496.692721
31-05-2019,3100,285900,0.010842952,12971,5843.3333,107.9,128.28,3500,0.84837738,2500,1600,2300,1700,0.009476876,0.008672087,0.008785332,0.005778382,12296,11182,10050,8342,5817.6667,5799.6667,5792,5749,124.06,119.09,128.06,125.28,0.484144641,0.161646478,-0.367523331,-0.726190505,0.009677496,0.001079223,0.009436799,0.001056097,0.008224841,0.001706088,124.2066667,4.002016159,122.16,3.494206634,125.4725,4.281219293,0.530309638,0.297682212,0.167364226,0.509163439,-0.052703063,0.50543204,434210,2816.592154
30-06-2019,4000,326400,0.012254902,13624,5869,107.9,128.16,3500,0.809364955,3100,4900,2600,2000,0.010842952,0.00871266,0.010573404,0.005931198,12971,11649,10301,8560,5843.3333,5792,5815,5735,128.28,120.28,121.7,128.04,0.84837738,0.258406892,-0.636124397,-0.641516586,0.010858243,0.001389076,0.009717049,0.001533317,0.008751816,0.001898954,126.8333333,2.402526448,123.2366667,4.239823896,125.4825,4.287896549,0.713962325,0.199981545,0.408279118,0.378039177,0.068203732,0.524934237,448980,4957.351794
31-07-2019,3200,259500,0.012331407,14125,5866.3333,107.9,127.26,3500,0.793325485,4000,2500,2200,1400,0.012254902,0.009476876,0.008342814,0.005259204,13624,12296,10761,8892,5869,5817.6667,5807.3333,5738.6667,128.16,124.06,119.55,127.2,0.809364955,0.484144641,-0.112265641,-0.566330039,0.011809754,0.000838148,0.010381814,0.001676316,0.009341166,0.001811915,127.9,0.557494395,124.5216667,4.063714639,125.4875,4.290115754,0.817022606,0.028313557,0.559210972,0.301721529,0.181508359,0.522252871,448560,4750.16292
31-08-2019,6500,195400,0.033265097,14621,5863.6667,108.4,128.28,3500,0.76228431,3200,3100,1600,1400,0.012331407,0.010842952,0.008672087,0.007131941,14125,12971,11182,9229,5866.3333,5843.3333,5799.6667,5742.3333,127.26,128.28,119.09,128.6,0.793325485,0.84837738,0.161646478,-0.598531124,0.019283802,0.012108217,0.014480649,0.009316319,0.011518929,0.007049664,127.9,0.557494395,126.0533333,3.259292357,125.4608333,4.269957331,0.788324916,0.023935352,0.659317277,0.235895327,0.294909645,0.483805893,445410,4653.91171
30-09-2019,9900,446600,0.022167488,15100,5861,108.5,127.25,3500,0.653497589,6500,4000,4900,3000,0.033265097,0.012254902,0.00871266,0.006788866,14621,13624,11649,9554,5863.6667,5869,5792,5746,128.28,128.16,120.28,130.3,0.76228431,0.809364955,0.258406892,0.200867295,0.022587997,0.010473179,0.01672312,0.009269463,0.012800481,0.007495363,127.5966667,0.591805148,127.215,1.61979937,125.2066667,4.040322519,0.736369128,0.073427907,0.725165727,0.135293495,0.332628837,0.49335752,448980,4469.781122
31-10-2019,5400,246600,0.02189781,15569,5876.6667,108.3,126.49,3500,1.017597961,9900,3200,2500,2100,0.022167488,0.012331407,0.009476876,0.008180756,15100,14125,12296,9808,5861,5866.3333,5817.6667,5769,127.25,127.26,124.06,130.51,0.653497589,0.793325485,0.484144641,0.336411679,0.025776798,0.006486459,0.018793276,0.00869679,0.013943569,0.007767794,127.34,0.898387444,127.62,0.735690152,124.8716667,3.714115173,0.81112662,0.186899568,0.814074613,0.119597957,0.38939436,0.531543085,445375,3830.149372
30-11-2019,7600,260500,0.029174664,16022,5892.3333,108.5,125.51,3500,0.813352945,5400,6500,3100,2300,0.02189781,0.033265097,0.010842952,0.008785332,15569,14621,12971,10050,5876.6667,5863.6667,5843.3333,5792,126.49,128.28,128.28,128.06,1.017597961,0.76228431,0.84837738,-0.367523331,0.024413321,0.004125648,0.021848561,0.008564202,0.01564268,0.008709765,126.4166667,0.872314928,127.1583333,1.043444616,124.6591667,3.585847075,0.828149499,0.182500613,0.808237207,0.118437955,0.487800717,0.486034914,442715,5980.084054
31-12-2019,8200,251300,0.032630322,16490,5908,108.5,124.6,3500,0.872357814,7600,9900,4000,2600,0.029174664,0.022167488,0.012254902,0.010573404,16022,15100,13624,10301,5892.3333,5861,5869,5815,125.51,127.25,128.16,121.7,0.813352945,0.653497589,0.809364955,-0.636124397,0.027900932,0.005478458,0.025244465,0.008021756,0.017480757,0.00980167,125.5333333,0.945216025,126.565,1.332167407,124.9008333,3.463934857,0.901102907,0.105112877,0.818736017,0.121314942,0.613507567,0.342925816,439285,4792.54664
31-01-2020,6800,252100,0.026973423,16980,5882.3333,108.2,126.94,3500,1.996722034,8200,5400,3200,2200,0.032630322,0.02189781,0.012331407,0.008342814,16490,15569,14125,10761,5908,5876.6667,5866.3333,5807.3333,124.6,126.49,127.26,119.55,0.872357814,1.017597961,0.793325485,-0.112265641,0.029592803,0.002851536,0.027684801,0.004944768,0.019033307,0.009697628,125.6833333,1.179590324,126.5116667,1.30490485,125.5166667,3.05945727,1.227477598,0.666838171,1.019302109,0.493807937,0.78925654,0.458204238,436100,5153.889965
29-02-2020,5500,182100,0.030203185,17440,5856.6667,108.6,124.46,3500,3.750409545,6800,7600,6500,1600,0.026973423,0.029174664,0.033265097,0.008672087,16980,16022,14621,11182,5882.3333,5892.3333,5863.6667,5799.6667,126.94,125.51,128.28,119.09,1.996722034,0.813352945,0.76228431,0.161646478,0.029935644,0.002837924,0.027174482,0.004379353,0.020827566,0.009597646,125.3333333,1.393173835,125.875,1.197008772,125.9641667,2.342774029,2.206496464,1.450448008,1.517322981,1.193647547,1.088320129,0.934720509,444290,11745.38451
31-03-2020,16300,357400,0.045607163,17931,5831,108.6,119.42,3000,0.149910583,5500,8200,9900,4900,0.030203185,0.032630322,0.022167488,0.00871266,17440,16490,15100,11649,5856.6667,5908,5861,5792,124.46,124.6,127.25,120.28,3.750409545,0.872357814,0.653497589,0.258406892,0.034261257,0.009957662,0.031081095,0.007987711,0.023902107,0.011148121,123.6066667,3.831935977,124.57,2.71007011,125.8925,2.537522503,1.965680721,1.800450184,1.433391814,1.281040831,1.07927877,0.943956965,373380,21964.89869
30-04-2020,33500,104200,0.321497121,18048,5801.6667,108.5,109,3000,-0.889840791,16300,6800,5400,2500,0.045607163,0.026973423,0.02189781,0.009476876,17931,16980,15569,12296,5831,5882.3333,5876.6667,5817.6667,119.42,126.94,126.49,124.06,0.149910583,1.996722034,1.017597961,0.484144641,0.132435823,0.163912939,0.081014313,0.117996776,0.049903795,0.086133479,117.6266667,7.884474195,121.655,6.700411181,124.6375,5.509722192,1.003493112,2.43504274,1.115485355,1.601465963,0.964779984,1.094096963,358260,874.128608
31-05-2020,14400,120600,0.119402985,18157,5772.3333,108.5,106.24,3000,-0.26529382,33500,5500,7600,3100,0.321497121,0.030203185,0.029174664,0.010842952,18048,17440,16022,12971,5801.6667,5856.6667,5892.3333,5843.3333,109,124.46,125.51,128.28,-0.889840791,3.750409545,0.813352945,0.84837738,0.16216909,0.142830396,0.096052367,0.115797822,0.058950464,0.087350402,111.5533333,6.951095837,118.4433333,8.778951342,122.8008333,7.499378712,-0.335074676,0.523376304,0.935710894,1.699695276,0.871974051,1.150640396,327000,-5162.559687
30-06-2020,15000,246700,0.060802594,18262,5743,108.6,106.54,3000,0.652251434,14400,16300,8200,4000,0.119402985,0.045607163,0.032630322,0.012254902,18157,17931,16490,13624,5772.3333,5831,5908,5869,106.24,119.42,124.6,128.16,-0.26529382,0.149910583,0.872357814,0.809364955,0.167234233,0.136770904,0.100747745,0.113255101,0.062996105,0.086106471,107.26,1.514331536,115.4333333,9.324957194,120.9991667,8.609664188,-0.167627726,0.775671391,0.899026497,1.703706626,0.858881257,1.152310233,318720,-1531.364354
31-07-2020,12800,277300,0.046159394,18663,5788,109.1,111.39,3000,1.115406864,15000,33500,6800,3200,0.060802594,0.321497121,0.026973423,0.012331407,18262,18048,16980,14125,5743,5801.6667,5882.3333,5866.3333,106.54,109,126.94,127.26,0.652251434,-0.889840791,1.996722034,0.793325485,0.075454991,0.038757908,0.103945407,0.111004033,0.065815104,0.084841441,108.0566667,2.890645833,112.8416667,7.462156301,119.6766667,8.777758394,0.500788159,0.702701528,0.752140636,1.626377175,0.885721372,1.154393612,319620,3745.879983
31-08-2020,11600,190300,0.060956385,19075,5833,108.6,113.1,3000,1.172824317,12800,14400,5500,6500,0.046159394,0.119402985,0.030203185,0.033265097,18663,18157,17440,14621,5788,5772.3333,5856.6667,5863.6667,111.39,106.24,124.46,128.28,1.115406864,-0.26529382,3.750409545,0.76228431,0.055972791,0.008498999,0.10907094,0.107575081,0.068122711,0.084250155,110.3433333,3.402944803,110.9483333,4.939467245,118.4116667,8.515077359,0.980160872,0.285425368,0.322543098,0.813086418,0.919933039,1.156484361,334170,6455.97493
30-09-2020,28600,431800,0.066234368,19474,5878,109.1,113.32,3000,0.980869959,11600,15000,16300,9900,0.060956385,0.060802594,0.045607163,0.022167488,19075,18262,17931,15100,5833,5743,5831,5861,113.1,106.54,119.42,127.25,1.172824317,0.652251434,0.149910583,0.653497589,0.057783382,0.010406829,0.112508808,0.105449891,0.071794951,0.083016336,112.6033333,1.056519443,109.9316667,3.151053263,117.2508333,8.141981508,1.08970038,0.098525308,0.461036327,0.847827534,0.94721407,1.153485282,339300,6841.08424
31-10-2020,15700,242600,0.064715581,19907,5886.6667,109.1,113.19,3000,0.536354005,28600,12800,33500,5400,0.066234368,0.046159394,0.321497121,0.02189781,19474,18663,18048,15569,5878,5788,5801.6667,5876.6667,113.32,111.39,109,126.49,0.980869959,1.115406864,-0.889840791,1.017597961,0.063968778,0.002717087,0.069711885,0.025365392,0.075363099,0.081584561,113.2033333,0.1106044,110.63,3.360607088,116.1425,7.660986318,0.89668276,0.326480057,0.69873546,0.535883594,0.907110407,1.159167559,339960,5765.553618
30-11-2020,18800,216500,0.086836028,20327,5895.3333,108.9,112.6,3000,1.684983076,15700,11600,14400,7600,0.064715581,0.060956385,0.119402985,0.029174664,19907,19075,18157,16022,5886.6667,5833,5772.3333,5892.3333,113.19,113.1,106.24,125.51,0.536354005,1.172824317,-0.26529382,0.813352945,0.072595326,0.012356168,0.064284058,0.013147461,0.080168212,0.080304892,113.0366667,0.38370996,111.69,2.620519033,115.0666667,7.112780218,1.067402347,0.579183111,1.023781609,0.411158861,0.979746252,1.179882411,339570,3157.337261
31-12-2020,38100,234800,0.162265758,20761,5904,109.2,114.08,3000,1.029374866,18800,28600,15000,8200,0.086836028,0.066234368,0.060802594,0.032630322,20327,19474,18262,16490,5895.3333,5878,5743,5908,112.6,113.32,106.54,124.6,1.684983076,0.980869959,0.652251434,0.872357814,0.104605789,0.051145211,0.081194586,0.041801378,0.090971165,0.082029564,113.29,0.745050334,112.9466667,0.899992593,114.19,6.448217513,1.083570649,0.576229184,1.086635515,0.369743419,0.992831006,1.179453793,337800,9933.536837
31-01-2021,12900,192400,0.067047817,21447,5911.6667,109,116.64,3000,1.150136661,38100,15700,12800,6800,0.162265758,0.064715581,0.046159394,0.026973423,20761,19907,18663,16980,5904,5886.6667,5788,5882.3333,114.08,113.19,111.39,126.94,1.029374866,0.536354005,1.115406864,1.996722034,0.105383201,0.05024552,0.084675989,0.039081252,0.094310698,0.079977343,114.44,2.043917807,113.8216667,1.461073806,113.3316667,5.151996671,1.288164868,0.348918859,1.092423814,0.37055487,0.922282225,1.138557543,342240,6077.429212
28-02-2021,10000,154400,0.064766839,22074,5919.3333,109.1,120.15,3000,2.259900626,12900,18800,11600,5500,0.067047817,0.086836028,0.060956385,0.030203185,21447,20327,19075,17440,5911.6667,5895.3333,5833,5856.6667,116.64,112.6,113.1,124.46,1.150136661,1.684983076,1.172824317,3.750409545,0.098026805,0.055644254,0.085311065,0.038647267,0.097191003,0.078058045,116.9566667,3.047364982,114.9966667,2.895407858,112.9725,4.401194311,1.479804051,0.678276383,1.273603199,0.607640783,0.798073148,0.845589099,349920,6799.2246
31-03-2021,29700,387100,0.076724361,22768,5927,109.4,123.74,2500,1.852566274,10000,38100,28600,16300,0.064766839,0.162265758,0.066234368,0.045607163,22074,20761,19474,17931,5919.3333,5904,5878,5831,120.15,114.08,113.32,119.42,2.259900626,1.029374866,0.980869959,0.149910583,0.069513006,0.006348499,0.087059397,0.037840526,0.099784103,0.076693571,120.1766667,3.550075117,116.7333333,4.414873347,113.3325,5.098031929,1.754201187,0.561382919,1.418885918,0.62753481,0.939961122,0.869455673,300375,13377.10503
30-04-2021,15600,243300,0.064118372,23295,5935.3333,110.1,125.48,2500,2.259819491,29700,12900,15700,33500,0.076724361,0.067047817,0.064715581,0.321497121,22768,21447,19907,18048,5927,5911.6667,5886.6667,5801.6667,123.74,116.64,113.19,109,1.852566274,1.150136661,0.536354005,-0.889840791,0.068536524,0.007098283,0.086959863,0.037911772,0.078335874,0.032045431,123.1233333,2.717983321,118.7816667,5.21977937,114.7058333,5.969984709,2.124095463,0.23515118,1.706130166,0.52957546,1.202432813,0.73129022,309350,10980.1603
31-05-2021,21300,257800,0.082622188,23834,5943.6667,110.8,127.17,2500,2.234414794,15600,10000,18800,14400,0.064118372,0.064766839,0.086836028,0.119402985,23295,22074,20327,18157,5935.3333,5919.3333,5895.3333,5772.3333,125.48,120.15,112.6,106.24,2.259819491,2.259900626,1.684983076,-0.26529382,0.074488307,0.009452394,0.086257556,0.037953532,0.075270807,0.029411092,125.4633333,1.715060738,121.21,5.157534295,116.45,6.319001647,2.115600186,0.228147932,1.797702119,0.571064926,1.410741864,0.623238803,313700,13412.78187
30-06-2021,30400,288000,0.105555556,24357,5952,111.3,129.75,2500,2.655815585,21300,29700,38100,15000,0.082622188,0.076724361,0.162265758,0.060802594,23834,22768,20761,18262,5943.6667,5927,5904,5743,127.17,123.74,114.08,106.54,2.234414794,1.852566274,1.029374866,0.652251434,0.084098705,0.020758013,0.076805855,0.015884024,0.079000221,0.030235545,127.4666667,2.150403063,123.8216667,4.778507787,118.3841667,6.557559771,2.383349956,0.236303806,2.068775572,0.516860291,1.577705543,0.668313417,317925,13280.61681
31-07-2021,19800,225600,0.087765957,24880,5929,111.3,132.71,2500,3.154046301,30400,15600,12900,12800,0.105555556,0.064118372,0.067047817,0.046159394,24357,23295,21447,18663,5952,5935.3333,5911.6667,5788,129.75,125.48,116.64,111.39,2.655815585,2.259819491,1.150136661,1.115406864,0.091981234,0.012033755,0.080258879,0.015587658,0.082467434,0.028460706,129.8766667,2.772171231,126.5,4.439729722,120.1608333,7.332679602,2.68142556,0.460350334,2.402760512,0.447294594,1.747592163,0.788431332,324375,15807.41436
31-08-2021,17900,170100,0.105232216,25404,5906,112.1,134.6,2500,3.266780001,19800,21300,10000,11600,0.087765957,0.082622188,0.064766839,0.060956385,24880,23834,22074,19075,5929,5943.6667,5919.3333,5833,132.71,127.17,120.15,113.1,3.154046301,2.234414794,2.259900626,1.172824317,0.09951791,0.010178773,0.087003108,0.016282702,0.086157087,0.02828793,132.3533333,2.444592672,128.9083333,4.220025671,121.9525,8.042859199,3.025547296,0.325120555,2.570573741,0.558124596,1.92208847,0.876462398,331775,18700.34052
30-09-2021,47700,318300,0.149858624,25910,5883,112.4,134.89,2500,3.915637943,17900,30400,29700,28600,0.105232216,0.105555556,0.076724361,0.066234368,25404,24357,22768,19474,5906,5952,5927,5878,134.6,129.75,123.74,113.32,3.266780001,2.655815585,1.852566274,0.980869959,0.114285599,0.03202105,0.099192152,0.029255284,0.093125775,0.03286404,134.0666667,1.183821496,130.7666667,3.934242833,123.75,8.342934953,3.445488082,0.411044877,2.914419019,0.6544923,2.166652469,0.991814605,336500,19293.60269
31-10-2021,30800,209400,0.147086915,26725,5843.6667,113.6,138.64,2500,4.953192059,47700,19800,15600,15700,0.149858624,0.087765957,0.064118372,0.064715581,25910,24880,23295,19907,5883,5929,5935.3333,5886.6667,134.89,132.71,125.48,113.19,3.915637943,3.154046301,2.259819491,0.536354005,0.134059252,0.025003381,0.113020243,0.028968259,0.099990053,0.034928163,136.0433333,2.253449208,132.96,4.063683059,125.8708333,8.643828548,4.045203334,0.850639054,3.363314447,0.965489843,2.534722306,1.140250501,337225,23035.69802
30-11-2021,39900,219500,0.181776765,27524,5804.3333,114.5,145.78,2500,4.439333545,30800,17900,21300,18800,0.147086915,0.105232216,0.082622188,0.086836028,26725,25404,23834,20327,5843.6667,5906,5943.6667,5895.3333,138.64,134.6,127.17,112.6,4.953192059,3.266780001,2.234414794,1.684983076,0.159574101,0.019277949,0.129546006,0.035666827,0.107901781,0.041761917,139.77,5.53224186,136.0616667,5.579854538,128.6358333,9.295114512,4.436054516,0.51878483,3.730800906,0.864173371,2.764251512,1.227531395,346600,28944.80349
31-12-2021,52500,211400,0.248344371,28348,5765,115.1,145.8,1500,2.322792286,39900,47700,30400,38100,0.181776765,0.149858624,0.105555556,0.162265758,27524,25910,24357,20761,5804.3333,5883,5952,5904,145.78,134.89,129.75,114.08,4.439333545,3.915637943,2.655815585,1.029374866,0.192402684,0.051458242,0.153344141,0.057445653,0.115074998,0.0566776,143.4066667,4.128066537,138.7366667,5.792031307,131.2791667,9.289683876,3.905105963,1.394202307,3.675297023,0.953140999,2.872036297,1.112770708,218670,25767.37152
31-01-2022,26600,218200,0.121906508,29013,5755.3333,114.9,145.05,1500,4.381631676,52500,30800,19800,12900,0.248344371,0.147086915,0.087765957,0.067047817,28348,26725,24880,21447,5765,5843.6667,5929,5911.6667,145.8,138.64,132.71,116.64,2.322792286,4.953192059,3.154046301,1.150136661,0.184009215,0.063248488,0.159034233,0.0509776,0.119646556,0.054626936,145.5433333,0.427356214,140.7933333,5.401783656,133.6466667,8.828417271,3.714585836,1.205673811,3.879894585,0.950624445,3.141327548,1.047272286,218700,13390.89753
28-02-2022,27300,161700,0.168831169,29609,5745.6667,115.8,147.57,1500,4.016574675,26600,39900,17900,10000,0.121906508,0.181776765,0.105232216,0.064766839,29013,27524,25404,22074,5755.3333,5804.3333,5906,5919.3333,145.05,145.78,134.6,120.15,4.381631676,4.439333545,3.266780001,2.259900626,0.179694016,0.063915056,0.169634059,0.043636599,0.128318583,0.053368375,146.14,1.293947449,142.955,5.008499775,135.9316667,8.562046095,3.573666213,1.098558527,4.004860364,0.901943175,3.287717052,1.035574374,217575,25217.75069
31-03-2022,55200,347200,0.158986175,30269,5736,117.1,160.23,1500,6.130141036,27300,52500,47700,29700,0.168831169,0.248344371,0.149858624,0.076724361,29609,28348,25910,22768,5745.6667,5765,5883,5927,147.57,145.8,134.89,123.74,4.016574675,2.322792286,3.915637943,1.852566274,0.149907951,0.024744526,0.171155317,0.042963212,0.135173735,0.051385033,150.95,8.13488783,147.1783333,7.096301619,138.9725,10.1677173,4.842782463,1.129728165,4.373944213,1.245714849,3.644181616,1.216980976,221355,23077.89936
30-04-2022,23500,221700,0.105999098,30838,5712,120,161.8,1500,4.522807428,55200,26600,30800,15600,0.158986175,0.121906508,0.147086915,0.064118372,30269,29013,26725,23295,5736,5755.3333,5843.6667,5935.3333,160.23,145.05,138.64,125.48,6.130141036,4.381631676,4.953192059,2.259819491,0.144605481,0.033794535,0.164307348,0.050227213,0.138663795,0.047386962,156.5333333,7.802065966,151.0383333,7.788194699,141.9991667,11.14501883,4.889841047,1.103551516,4.302213441,1.217767448,3.832763944,1.15680732,240345,35162.48898
31-05-2022,27600,227100,0.121532365,31425,5688,120.8,165.84,1500,3.487664108,23500,27300,39900,21300,0.105999098,0.168831169,0.181776765,0.082622188,30838,29609,27524,23834,5712,5745.6667,5804.3333,5943.6667,161.8,147.57,145.78,127.17,4.522807428,4.016574675,4.439333545,2.234414794,0.128839213,0.027238761,0.154266614,0.052025927,0.14190631,0.044443451,162.6233333,2.894206857,154.3816667,9.248263441,145.2216667,12.02343532,4.713537524,1.331523397,4.143601868,1.257658992,3.937201387,1.051134568,242700,25834.27603
30-06-2022,38300,244200,0.156838657,31992,5664,121.8,183.82,0,5.605727482,27600,55200,52500,30400,0.121532365,0.158986175,0.248344371,0.105555556,31425,30269,28348,24357,5688,5736,5765,5952,165.84,160.23,145.8,129.75,3.487664108,6.130141036,2.322792286,2.655815585,0.128123373,0.026052759,0.139015662,0.025666816,0.146179902,0.043074838,170.4866667,11.7223604,160.7183333,13.99787329,149.7275,15.36531343,4.538733006,1.059121491,4.690757734,0.993450273,4.183027378,1.069009202,0,19837.83344
31-07-2022,23000,215600,0.106679035,32867,5668.3333,122.5,189.42,0,4.252746202,38300,23500,26600,19800,0.156838657,0.105999098,0.121906508,0.087765957,31992,30838,29013,24880,5664,5712,5755.3333,5929,183.82,161.8,145.05,132.71,5.605727482,4.522807428,4.381631676,3.154046301,0.128350019,0.025765427,0.13647775,0.028313303,0.147755991,0.041041198,179.6933333,12.31974567,168.1133333,15.683591,154.4533333,18.12812648,4.448712597,1.072543815,4.669276822,1.002820406,4.274585704,1.01873589,0,31750.84046
31-08-2022,23600,172300,0.1369704,33752,5672.6667,123.1,175.17,0,3.389306436,23000,27600,27300,17900,0.106679035,0.121532365,0.168831169,0.105232216,32867,31425,29609,25404,5668.3333,5688,5745.6667,5906,189.42,165.84,147.57,134.6,4.252746202,3.487664108,4.016574675,3.266780001,0.133496031,0.025259658,0.131167622,0.023632731,0.15040084,0.03902481,182.8033333,7.179194477,172.7133333,12.0886983,157.8341667,17.87019787,4.415926707,1.117184618,4.564732115,1.111302871,4.28479624,1.00827697,0,24105.98291
30-09-2022,54700,329500,0.166009105,34608,5677,123.8,166.5,0,2.817232299,23600,38300,55200,47700,0.1369704,0.156838657,0.158986175,0.149858624,33752,31992,30269,25910,5672.6667,5664,5736,5883,175.17,183.82,160.23,134.89,3.389306436,5.605727482,6.130141036,3.915637943,0.136552847,0.029667239,0.13233811,0.025394356,0.151746714,0.039282059,177.03,11.57265311,173.7583333,11.01728536,160.4683333,16.4542881,3.486428312,0.722668344,4.012580659,0.994886274,4.193262436,1.091278307,0,19226.40575
31-10-2022,34200,237600,0.143939394,35546,5713,126.2,163.61,0,2.442606791,54700,23000,23500,30800,0.166009105,0.106679035,0.105999098,0.147086915,34608,32867,30838,26725,5677,5668.3333,5712,5843.6667,166.5,189.42,161.8,138.64,2.817232299,4.252746202,4.522807428,4.953192059,0.148972966,0.015159625,0.138661493,0.022024086,0.15148442,0.039326485,168.4266667,6.016014738,174.06,10.64277971,162.5491667,14.95330639,2.883048509,0.476769215,3.665880553,1.134219934,3.984046997,1.17015231,0,15993.42776
30-11-2022,49500,246400,0.200892857,36454,5749,126.7,163.61,0,2.000441443,34200,23600,27600,39900,0.143939394,0.1369704,0.121532365,0.181776765,35546,33752,31425,27524,5713,5672.6667,5688,5804.3333,163.61,175.17,165.84,145.78,2.442606791,3.389306436,3.487664108,4.439333545,0.170280452,0.028715981,0.151888241,0.031480013,0.153077428,0.041015974,164.5733333,1.668542278,173.6883333,11.0195198,164.035,13.99039638,2.420093511,0.408860565,3.418010109,1.327069108,3.780805989,1.289592712,0,13954.6126
31-12-2022,74600,230800,0.32322357,37394,5785,127.2,155.29,0,1.922537855,49500,54700,38300,52500,0.200892857,0.166009105,0.156838657,0.248344371,36454,34608,31992,28348,5749,5677,5664,5765,163.61,166.5,183.82,145.8,2.000441443,2.817232299,5.605727482,2.322792286,0.222685274,0.091607238,0.17961906,0.077035387,0.159317361,0.058707356,160.8366667,4.80355424,168.9333333,11.89400633,164.8258333,13.10620218,2.12186203,0.280490898,2.804145171,0.89385805,3.747451453,1.335104667,0,11500.53786
31-01-2023,30000,234100,0.128150363,38333,5765.6667,126.4,149.21,0,3.013424048,74600,34200,23000,26600,0.32322357,0.143939394,0.106679035,0.121906508,37394,35546,32867,29013,5785,5713,5668.3333,5755.3333,155.29,163.61,189.42,145.05,1.922537855,2.442606791,4.252746202,4.381631676,0.217422263,0.098581464,0.183197615,0.073381466,0.159837682,0.058372356,156.0366667,7.22897872,162.2316667,9.024070959,165.1725,12.58002177,2.312134449,0.608582425,2.597591479,0.580392488,3.63343415,1.334444437,0,11121.88149
28-02-2023,28200,177200,0.159142212,39181,5746.3333,127.9,147.93,0,2.232766305,30000,49500,23600,27300,0.128150363,0.200892857,0.1369704,0.168831169,38333,36454,33752,29609,5765.6667,5749,5672.6667,5745.6667,149.21,163.61,175.17,147.57,3.013424048,2.000441443,3.389306436,4.016574675,0.203505382,0.104830612,0.186892917,0.071111143,0.159030269,0.058303617,150.81,3.932225833,157.6916667,8.007957084,165.2025,12.53457554,2.389576069,0.56209443,2.40483479,0.439916172,3.484783453,1.386233317,0,17374.39869
31-03-2023,62600,391700,0.159816186,40120,5727,128.9,146.73,0,2.192685328,28200,74600,54700,55200,0.159142212,0.32322357,0.166009105,0.158986175,39181,37394,34608,30269,5746.3333,5785,5677,5736,147.93,155.29,166.5,160.23,2.232766305,1.922537855,2.817232299,6.130141036,0.149036254,0.018090851,0.185860764,0.071518665,0.159099437,0.058304052,147.9566667,1.240215035,154.3966667,7.720960217,164.0775,13.58338365,2.479625227,0.462717524,2.300743628,0.394349353,3.156662144,1.148821871,0,12830.21937
30-04-2023,35600,235400,0.151231946,41383,5750.6667,130.4,145.83,0,2.154827702,62600,30000,34200,23500,0.159816186,0.128150363,0.143939394,0.105999098,40120,38333,35546,30838,5727,5765.6667,5713,5712,146.73,149.21,163.61,161.8,2.192685328,3.013424048,2.442606791,4.522807428,0.156730115,0.004773464,0.187076189,0.070721266,0.162868841,0.055974619,146.83,1.053565375,151.4333333,6.839303083,162.7466667,14.57308312,2.193426445,0.038974587,2.252780447,0.391131834,2.9593305,1.094936718,0,12557.50888
31-05-2023,41100,248200,0.165592264,42702,5774.3333,131.3,144.45,0,1.833951971,35600,28200,49500,27600,0.151231946,0.159142212,0.200892857,0.121532365,41383,39181,36454,31425,5750.6667,5746.3333,5749,5688,145.83,147.93,163.61,165.84,2.154827702,2.232766305,2.000441443,3.487664108,0.158880132,0.007225776,0.181192757,0.07081025,0.166540499,0.054440691,145.67,1.148390178,148.24,3.826010978,160.9641667,15.44254422,2.060488334,0.197097292,2.225032202,0.417622578,2.821521155,1.126022527,0,12391.69591
30-06-2023,49200,280800,0.175213675,43977,5798,131.5,143,0,1.95352818,41100,62600,74600,38300,0.165592264,0.159816186,0.32322357,0.156838657,42702,40120,37394,31992,5774.3333,5727,5785,5664,144.45,146.73,155.29,183.82,1.833951971,2.192685328,1.922537855,5.605727482,0.164012628,0.012068648,0.156524441,0.016014369,0.168071751,0.054401403,144.4266667,1.41514428,146.1916667,2.27036928,157.5625,14.41167464,1.980769284,0.162163087,2.230197256,0.413302462,2.517171213,0.728463783,0,10589.84994
31-07-2023,38600,247700,0.15583367,45716,5792.6667,130.9,143.23,0,2.529651379,49200,35600,30000,23000,0.175213675,0.151231946,0.128150363,0.106679035,43977,41383,38333,32867,5798,5750.6667,5765.6667,5668.3333,143,145.83,149.21,189.42,1.95352818,2.154827702,3.013424048,4.252746202,0.165546536,0.009690084,0.161138325,0.008366138,0.17216797,0.051109504,143.56,0.779294553,145.195,1.973522232,153.7133333,10.86021625,2.10571051,0.371979855,2.149568478,0.241378205,2.373579978,0.484089419,0,11326.55639
31-08-2023,36400,189700,0.191881919,47468,5787.3333,131.3,148.52,0,2.352479611,38600,41100,28200,23600,0.15583367,0.165592264,0.159142212,0.1369704,45716,42702,39181,33752,5792.6667,5774.3333,5746.3333,5672.6667,143.23,144.45,147.93,175.17,2.529651379,1.833951971,2.232766305,3.389306436,0.174309755,0.018041116,0.166594943,0.014916416,0.17674393,0.050120304,144.9166667,3.122696484,145.2933333,2.144356935,151.4925,8.553490648,2.278553057,0.295090387,2.169520695,0.25423599,2.287177743,0.363934192,0,14653.42731
30-09-2023,61600,377500,0.163178808,49163,5782,132,153.57,0,2.34046914,36400,49200,62600,54700,0.191881919,0.175213675,0.159816186,0.166009105,47468,43977,40120,34608,5787.3333,5798,5727,5677,148.52,143,146.73,166.5,2.352479611,1.95352818,2.192685328,2.817232299,0.170298132,0.019049479,0.16715538,0.014671954,0.176508072,0.050182034,148.44,5.170464196,146.4333333,4.040617115,150.415,7.198125387,2.407533377,0.105927653,2.194151331,0.263903943,2.24744748,0.324719357,0,13614.58359
31-10-2023,39200,257900,0.151996898,50673,5793,132,155.13,0,1.861020109,61600,38600,35600,34200,0.163178808,0.15583367,0.151231946,0.143939394,49163,45716,41383,35546,5782,5792.6667,5750.6667,5713,153.57,143.23,145.83,163.61,2.34046914,2.529651379,2.154827702,2.442606791,0.169019208,0.020573926,0.167282872,0.014508325,0.177179531,0.049758755,152.4066667,3.455145921,147.9833333,5.338275627,149.7083333,6.120559739,2.184656287,0.280341478,2.145183398,0.297748004,2.198981923,0.336144085,0,13532.59257
30-11-2023,39400,261300,0.150784539,52127,5804,131.7,151.02,0,1.538552232,39200,36400,41100,49500,0.151996898,0.191881919,0.165592264,0.200892857,50673,47468,42702,36454,5793,5787.3333,5774.3333,5749,155.13,148.52,144.45,163.61,1.861020109,2.352479611,1.833951971,2.000441443,0.155320082,0.006832799,0.164814918,0.016032776,0.173003837,0.049690321,153.24,2.074777096,149.0783333,5.13865125,148.6591667,4.341437672,1.91334716,0.40351118,2.095950109,0.374128918,2.160491155,0.383985308,0,10780.88949
31-12-2023,46700,244400,0.191080196,53629,5815,132.2,142.84,0,1.590633457,39400,61600,49200,74600,0.150784539,0.163178808,0.175213675,0.32322357,52127,49163,43977,37394,5804,5782,5798,5785,151.02,153.57,143,155.29,1.538552232,2.34046914,1.95352818,1.922537855,0.164620544,0.022922747,0.167459338,0.019105091,0.16199189,0.017750899,149.6633333,6.25631148,149.0516667,5.176776668,147.6216667,4.093306806,1.663401932,0.173112164,2.035467655,0.427311219,2.132832455,0.413502541,0,8929.757153
31-01-2024,35200,246900,0.142567841,55653,5836.3333,131.5,139.86,0,2.193896088,46700,39200,38600,30000,0.191080196,0.151996898,0.15583367,0.128150363,53629,50673,45716,38333,5815,5793,5792.6667,5765.6667,142.84,155.13,143.23,149.21,1.590633457,1.861020109,2.529651379,3.013424048,0.161477525,0.025963766,0.165248367,0.02135473,0.163193346,0.015611072,144.5733333,5.778385011,148.49,6.044786183,146.8425,4.619545678,1.774360592,0.364260398,1.979508439,0.367441914,2.064538459,0.309419727,0,9249.533552
29-02-2024,31800,189300,0.167987322,57563,5857.6667,132.3,142.16,0,1.938287798,35200,39400,36400,28200,0.142567841,0.150784539,0.191881919,0.159142212,55653,52127,47468,39181,5836.3333,5804,5787.3333,5746.3333,139.86,151.02,148.52,147.93,2.193896088,1.538552232,2.352479611,2.232766305,0.167211786,0.024265474,0.161265934,0.017222774,0.163930439,0.01561122,141.62,1.561665777,147.43,6.573029743,146.3616667,4.793091303,1.907605781,0.302799422,1.910476471,0.319082112,2.039998583,0.306528717,0,12804.3088
31-03-2024,63500,422600,0.150260293,59604,5879,133,144.8,0,1.852403119,31800,46700,61600,62600,0.167987322,0.191080196,0.163178808,0.159816186,57563,53629,49163,40120,5857.6667,5815,5782,5727,142.16,142.84,153.57,146.73,1.938287798,1.590633457,2.34046914,2.192685328,0.153605152,0.013035665,0.159112848,0.017735671,0.163134114,0.016076941,142.2733333,2.471949298,145.9683333,5.872343371,146.2008333,4.811951897,1.994862335,0.177636907,1.829132134,0.23993515,2.011641732,0.306859144,0,11353.84389
30-04-2024,39200,237600,0.164983165,61251,5896.6667,133.5,148.07,0,1.793194969,63500,35200,39200,35600,0.150260293,0.142567841,0.151996898,0.151231946,59604,55653,50673,41383,5879,5836.3333,5793,5750.6667,144.8,139.86,155.13,145.83,1.852403119,2.193896088,1.861020109,2.154827702,0.161076927,0.009487144,0.161277226,0.017484203,0.164280049,0.015635471,145.01,2.960591157,144.7916667,4.113287817,146.3875,4.839626441,1.861295296,0.072953995,1.817827944,0.239729977,1.981505671,0.309266942,0,10890.27794
31-05-2024,43100,252100,0.170963903,62942,5914.3333,133.9,148.81,0,1.429272704,39200,31800,39400,41100,0.164983165,0.167987322,0.150784539,0.165592264,61251,57563,52127,42702,5896.6667,5857.6667,5804,5774.3333,148.07,142.16,151.02,144.45,1.793194969,1.938287798,1.538552232,1.833951971,0.162069121,0.01065498,0.164640453,0.016996201,0.164727686,0.015752908,147.2266667,2.133877535,144.4233333,3.496756592,146.7508333,4.844606107,1.691623598,0.2291231,1.799614689,0.267709628,1.947782399,0.346626404,0,10573.87306
30-06-2024,52800,282700,0.186770428,64577,5932,134.1,145.76,0,1.317713865,43100,63500,46700,49200,0.170963903,0.150260293,0.191080196,0.175213675,62942,59604,53629,43977,5914.3333,5879,5815,5798,148.81,144.8,142.84,143,1.429272704,1.852403119,1.590633457,1.95352818,0.174239165,0.011256852,0.163922159,0.015696715,0.165690749,0.01677252,147.5466667,1.590922164,144.91,3.434973071,146.9808333,4.714103517,1.513393846,0.248652056,1.754128091,0.326950544,1.894797873,0.391374446,0,8453.195147
